-19,130,ewcF3wMwIuehgxaaId5PXtg5a2g=,bNr9Y7YaeDYWeTWV2Ml2yVN96U0=
-17,143,ewcF3wMwIuehgxaaId5PXtg5a2g=,bNr9Y7YaeDYWeTWV2Ml2yVN96U0=
-18,130,ewcF3wMwIuehgxaaId5PXtg5a2g=,bNr9Y7YaeDYWeTWV2Ml2yVN96U0=
-17,130,ewcF3wMwIuehgxaaId5PXtg5a2g=,bNr9Y7YaeDYWeTWV2Ml2yVN96U0=
-19,143,ewcF3wMwIuehgxaaId5PXtg5a2g=,bNr9Y7YaeDYWeTWV2Ml2yVN96U0=
-18,143,ewcF3wMwIuehgxaaId5PXtg5a2g=,bNr9Y7YaeDYWeTWV2Ml2yVN96U0=
-32,131,ewcF3wMwIuehgxaaId5PXtg5a2g=,bNr9Y7YaeDYWeTWV2Ml2yVN96U0=
-31,131,ewcF3wMwIuehgxaaId5PXtg5a2g=,bNr9Y7YaeDYWeTWV2Ml2yVN96U0=
-29,128,ewcF3wMwIuehgxaaId5PXtg5a2g=,bNr9Y7YaeDYWeTWV2Ml2yVN96U0=
-30,131,ewcF3wMwIuehgxaaId5PXtg5a2g=,bNr9Y7YaeDYWeTWV2Ml2yVN96U0=
-20,143,ewcF3wMwIuehgxaaId5PXtg5a2g=,bNr9Y7YaeDYWeTWV2Ml2yVN96U0=
-21,143,ewcF3wMwIuehgxaaId5PXtg5a2g=,bNr9Y7YaeDYWeTWV2Ml2yVN96U0=
-22,143,ewcF3wMwIuehgxaaId5PXtg5a2g=,bNr9Y7YaeDYWeTWV2Ml2yVN96U0=
-29,131,ewcF3wMwIuehgxaaId5PXtg5a2g=,bNr9Y7YaeDYWeTWV2Ml2yVN96U0=
-23,143,ewcF3wMwIuehgxaaId5PXtg5a2g=,bNr9Y7YaeDYWeTWV2Ml2yVN96U0=
-28,131,ewcF3wMwIuehgxaaId5PXtg5a2g=,bNr9Y7YaeDYWeTWV2Ml2yVN96U0=
-24,143,ewcF3wMwIuehgxaaId5PXtg5a2g=,bNr9Y7YaeDYWeTWV2Ml2yVN96U0=
-25,143,ewcF3wMwIuehgxaaId5PXtg5a2g=,bNr9Y7YaeDYWeTWV2Ml2yVN96U0=
-26,143,ewcF3wMwIuehgxaaId5PXtg5a2g=,bNr9Y7YaeDYWeTWV2Ml2yVN96U0=
-27,143,ewcF3wMwIuehgxaaId5PXtg5a2g=,bNr9Y7YaeDYWeTWV2Ml2yVN96U0=
-32,130,ewcF3wMwIuehgxaaId5PXtg5a2g=,bNr9Y7YaeDYWeTWV2Ml2yVN96U0=
-28,143,ewcF3wMwIuehgxaaId5PXtg5a2g=,bNr9Y7YaeDYWeTWV2Ml2yVN96U0=
-29,143,ewcF3wMwIuehgxaaId5PXtg5a2g=,bNr9Y7YaeDYWeTWV2Ml2yVN96U0=
-31,129,ewcF3wMwIuehgxaaId5PXtg5a2g=,bNr9Y7YaeDYWeTWV2Ml2yVN96U0=
-31,143,ewcF3wMwIuehgxaaId5PXtg5a2g=,bNr9Y7YaeDYWeTWV2Ml2yVN96U0=
-30,143,ewcF3wMwIuehgxaaId5PXtg5a2g=,bNr9Y7YaeDYWeTWV2Ml2yVN96U0=
-19,129,ewcF3wMwIuehgxaaId5PXtg5a2g=,bNr9Y7YaeDYWeTWV2Ml2yVN96U0=
-18,129,ewcF3wMwIuehgxaaId5PXtg5a2g=,bNr9Y7YaeDYWeTWV2Ml2yVN96U0=
-20,129,ewcF3wMwIuehgxaaId5PXtg5a2g=,bNr9Y7YaeDYWeTWV2Ml2yVN96U0=
-21,129,ewcF3wMwIuehgxaaId5PXtg5a2g=,bNr9Y7YaeDYWeTWV2Ml2yVN96U0=
-22,129,ewcF3wMwIuehgxaaId5PXtg5a2g=,bNr9Y7YaeDYWeTWV2Ml2yVN96U0=
-23,129,ewcF3wMwIuehgxaaId5PXtg5a2g=,bNr9Y7YaeDYWeTWV2Ml2yVN96U0=
-28,128,ewcF3wMwIuehgxaaId5PXtg5a2g=,bNr9Y7YaeDYWeTWV2Ml2yVN96U0=
-27,131,ewcF3wMwIuehgxaaId5PXtg5a2g=,bNr9Y7YaeDYWeTWV2Ml2yVN96U0=
-26,131,ewcF3wMwIuehgxaaId5PXtg5a2g=,bNr9Y7YaeDYWeTWV2Ml2yVN96U0=
-25,131,ewcF3wMwIuehgxaaId5PXtg5a2g=,bNr9Y7YaeDYWeTWV2Ml2yVN96U0=
-24,131,ewcF3wMwIuehgxaaId5PXtg5a2g=,bNr9Y7YaeDYWeTWV2Ml2yVN96U0=
-23,131,ewcF3wMwIuehgxaaId5PXtg5a2g=,bNr9Y7YaeDYWeTWV2Ml2yVN96U0=
-21,131,ewcF3wMwIuehgxaaId5PXtg5a2g=,bNr9Y7YaeDYWeTWV2Ml2yVN96U0=
-22,131,ewcF3wMwIuehgxaaId5PXtg5a2g=,bNr9Y7YaeDYWeTWV2Ml2yVN96U0=
-20,131,ewcF3wMwIuehgxaaId5PXtg5a2g=,bNr9Y7YaeDYWeTWV2Ml2yVN96U0=
-17,129,ewcF3wMwIuehgxaaId5PXtg5a2g=,bNr9Y7YaeDYWeTWV2Ml2yVN96U0=
-19,131,ewcF3wMwIuehgxaaId5PXtg5a2g=,bNr9Y7YaeDYWeTWV2Ml2yVN96U0=
-18,131,ewcF3wMwIuehgxaaId5PXtg5a2g=,bNr9Y7YaeDYWeTWV2Ml2yVN96U0=
-17,131,ewcF3wMwIuehgxaaId5PXtg5a2g=,bNr9Y7YaeDYWeTWV2Ml2yVN96U0=
-31,130,ewcF3wMwIuehgxaaId5PXtg5a2g=,bNr9Y7YaeDYWeTWV2Ml2yVN96U0=
-32,132,ewcF3wMwIuehgxaaId5PXtg5a2g=,bNr9Y7YaeDYWeTWV2Ml2yVN96U0=
-31,132,ewcF3wMwIuehgxaaId5PXtg5a2g=,bNr9Y7YaeDYWeTWV2Ml2yVN96U0=
-30,132,ewcF3wMwIuehgxaaId5PXtg5a2g=,bNr9Y7YaeDYWeTWV2Ml2yVN96U0=
-29,132,ewcF3wMwIuehgxaaId5PXtg5a2g=,bNr9Y7YaeDYWeTWV2Ml2yVN96U0=
-30,130,ewcF3wMwIuehgxaaId5PXtg5a2g=,bNr9Y7YaeDYWeTWV2Ml2yVN96U0=
-28,132,ewcF3wMwIuehgxaaId5PXtg5a2g=,bNr9Y7YaeDYWeTWV2Ml2yVN96U0=
-27,128,ewcF3wMwIuehgxaaId5PXtg5a2g=,bNr9Y7YaeDYWeTWV2Ml2yVN96U0=
-27,132,ewcF3wMwIuehgxaaId5PXtg5a2g=,bNr9Y7YaeDYWeTWV2Ml2yVN96U0=
-26,132,ewcF3wMwIuehgxaaId5PXtg5a2g=,bNr9Y7YaeDYWeTWV2Ml2yVN96U0=
-25,132,ewcF3wMwIuehgxaaId5PXtg5a2g=,bNr9Y7YaeDYWeTWV2Ml2yVN96U0=
-23,132,ewcF3wMwIuehgxaaId5PXtg5a2g=,bNr9Y7YaeDYWeTWV2Ml2yVN96U0=
-24,132,ewcF3wMwIuehgxaaId5PXtg5a2g=,bNr9Y7YaeDYWeTWV2Ml2yVN96U0=
-22,132,ewcF3wMwIuehgxaaId5PXtg5a2g=,bNr9Y7YaeDYWeTWV2Ml2yVN96U0=
-21,132,ewcF3wMwIuehgxaaId5PXtg5a2g=,bNr9Y7YaeDYWeTWV2Ml2yVN96U0=
-20,132,ewcF3wMwIuehgxaaId5PXtg5a2g=,bNr9Y7YaeDYWeTWV2Ml2yVN96U0=
-19,132,ewcF3wMwIuehgxaaId5PXtg5a2g=,bNr9Y7YaeDYWeTWV2Ml2yVN96U0=
-18,132,ewcF3wMwIuehgxaaId5PXtg5a2g=,bNr9Y7YaeDYWeTWV2Ml2yVN96U0=
-17,132,ewcF3wMwIuehgxaaId5PXtg5a2g=,bNr9Y7YaeDYWeTWV2Ml2yVN96U0=
-32,133,ewcF3wMwIuehgxaaId5PXtg5a2g=,bNr9Y7YaeDYWeTWV2Ml2yVN96U0=
-26,128,ewcF3wMwIuehgxaaId5PXtg5a2g=,bNr9Y7YaeDYWeTWV2Ml2yVN96U0=
-30,133,ewcF3wMwIuehgxaaId5PXtg5a2g=,bNr9Y7YaeDYWeTWV2Ml2yVN96U0=
-31,133,ewcF3wMwIuehgxaaId5PXtg5a2g=,bNr9Y7YaeDYWeTWV2Ml2yVN96U0=
-29,133,ewcF3wMwIuehgxaaId5PXtg5a2g=,bNr9Y7YaeDYWeTWV2Ml2yVN96U0=
-24,129,ewcF3wMwIuehgxaaId5PXtg5a2g=,bNr9Y7YaeDYWeTWV2Ml2yVN96U0=
-28,133,ewcF3wMwIuehgxaaId5PXtg5a2g=,bNr9Y7YaeDYWeTWV2Ml2yVN96U0=
-26,129,ewcF3wMwIuehgxaaId5PXtg5a2g=,bNr9Y7YaeDYWeTWV2Ml2yVN96U0=
-29,130,ewcF3wMwIuehgxaaId5PXtg5a2g=,bNr9Y7YaeDYWeTWV2Ml2yVN96U0=
-28,129,ewcF3wMwIuehgxaaId5PXtg5a2g=,bNr9Y7YaeDYWeTWV2Ml2yVN96U0=
-32,143,ewcF3wMwIuehgxaaId5PXtg5a2g=,bNr9Y7YaeDYWeTWV2Ml2yVN96U0=
-29,129,ewcF3wMwIuehgxaaId5PXtg5a2g=,bNr9Y7YaeDYWeTWV2Ml2yVN96U0=
-30,129,ewcF3wMwIuehgxaaId5PXtg5a2g=,bNr9Y7YaeDYWeTWV2Ml2yVN96U0=
-17,142,ewcF3wMwIuehgxaaId5PXtg5a2g=,bNr9Y7YaeDYWeTWV2Ml2yVN96U0=
-20,130,ewcF3wMwIuehgxaaId5PXtg5a2g=,bNr9Y7YaeDYWeTWV2Ml2yVN96U0=
-19,142,ewcF3wMwIuehgxaaId5PXtg5a2g=,bNr9Y7YaeDYWeTWV2Ml2yVN96U0=
-18,142,ewcF3wMwIuehgxaaId5PXtg5a2g=,bNr9Y7YaeDYWeTWV2Ml2yVN96U0=
-21,142,ewcF3wMwIuehgxaaId5PXtg5a2g=,bNr9Y7YaeDYWeTWV2Ml2yVN96U0=
-22,142,ewcF3wMwIuehgxaaId5PXtg5a2g=,bNr9Y7YaeDYWeTWV2Ml2yVN96U0=
-23,142,ewcF3wMwIuehgxaaId5PXtg5a2g=,bNr9Y7YaeDYWeTWV2Ml2yVN96U0=
-20,142,ewcF3wMwIuehgxaaId5PXtg5a2g=,bNr9Y7YaeDYWeTWV2Ml2yVN96U0=
-24,142,ewcF3wMwIuehgxaaId5PXtg5a2g=,bNr9Y7YaeDYWeTWV2Ml2yVN96U0=
-25,142,ewcF3wMwIuehgxaaId5PXtg5a2g=,bNr9Y7YaeDYWeTWV2Ml2yVN96U0=
-26,142,ewcF3wMwIuehgxaaId5PXtg5a2g=,bNr9Y7YaeDYWeTWV2Ml2yVN96U0=
-27,142,ewcF3wMwIuehgxaaId5PXtg5a2g=,bNr9Y7YaeDYWeTWV2Ml2yVN96U0=
-28,142,ewcF3wMwIuehgxaaId5PXtg5a2g=,bNr9Y7YaeDYWeTWV2Ml2yVN96U0=
-29,142,ewcF3wMwIuehgxaaId5PXtg5a2g=,bNr9Y7YaeDYWeTWV2Ml2yVN96U0=
-30,142,ewcF3wMwIuehgxaaId5PXtg5a2g=,bNr9Y7YaeDYWeTWV2Ml2yVN96U0=
-31,142,ewcF3wMwIuehgxaaId5PXtg5a2g=,bNr9Y7YaeDYWeTWV2Ml2yVN96U0=
-32,142,ewcF3wMwIuehgxaaId5PXtg5a2g=,bNr9Y7YaeDYWeTWV2Ml2yVN96U0=
-17,141,ewcF3wMwIuehgxaaId5PXtg5a2g=,bNr9Y7YaeDYWeTWV2Ml2yVN96U0=
-18,141,ewcF3wMwIuehgxaaId5PXtg5a2g=,bNr9Y7YaeDYWeTWV2Ml2yVN96U0=
-32,129,ewcF3wMwIuehgxaaId5PXtg5a2g=,bNr9Y7YaeDYWeTWV2Ml2yVN96U0=
-19,141,ewcF3wMwIuehgxaaId5PXtg5a2g=,bNr9Y7YaeDYWeTWV2Ml2yVN96U0=
-17,128,ewcF3wMwIuehgxaaId5PXtg5a2g=,bNr9Y7YaeDYWeTWV2Ml2yVN96U0=
-21,130,ewcF3wMwIuehgxaaId5PXtg5a2g=,bNr9Y7YaeDYWeTWV2Ml2yVN96U0=
-20,141,ewcF3wMwIuehgxaaId5PXtg5a2g=,bNr9Y7YaeDYWeTWV2Ml2yVN96U0=
-21,141,ewcF3wMwIuehgxaaId5PXtg5a2g=,bNr9Y7YaeDYWeTWV2Ml2yVN96U0=
-22,141,ewcF3wMwIuehgxaaId5PXtg5a2g=,bNr9Y7YaeDYWeTWV2Ml2yVN96U0=
-23,141,ewcF3wMwIuehgxaaId5PXtg5a2g=,bNr9Y7YaeDYWeTWV2Ml2yVN96U0=
-24,141,ewcF3wMwIuehgxaaId5PXtg5a2g=,bNr9Y7YaeDYWeTWV2Ml2yVN96U0=
-25,141,ewcF3wMwIuehgxaaId5PXtg5a2g=,bNr9Y7YaeDYWeTWV2Ml2yVN96U0=
-27,141,ewcF3wMwIuehgxaaId5PXtg5a2g=,bNr9Y7YaeDYWeTWV2Ml2yVN96U0=
-26,141,ewcF3wMwIuehgxaaId5PXtg5a2g=,bNr9Y7YaeDYWeTWV2Ml2yVN96U0=
-28,141,ewcF3wMwIuehgxaaId5PXtg5a2g=,bNr9Y7YaeDYWeTWV2Ml2yVN96U0=
-29,141,ewcF3wMwIuehgxaaId5PXtg5a2g=,bNr9Y7YaeDYWeTWV2Ml2yVN96U0=
-30,141,ewcF3wMwIuehgxaaId5PXtg5a2g=,bNr9Y7YaeDYWeTWV2Ml2yVN96U0=
-31,141,ewcF3wMwIuehgxaaId5PXtg5a2g=,bNr9Y7YaeDYWeTWV2Ml2yVN96U0=
-25,129,ewcF3wMwIuehgxaaId5PXtg5a2g=,bNr9Y7YaeDYWeTWV2Ml2yVN96U0=
-32,141,ewcF3wMwIuehgxaaId5PXtg5a2g=,bNr9Y7YaeDYWeTWV2Ml2yVN96U0=
-17,140,ewcF3wMwIuehgxaaId5PXtg5a2g=,bNr9Y7YaeDYWeTWV2Ml2yVN96U0=
-18,140,ewcF3wMwIuehgxaaId5PXtg5a2g=,bNr9Y7YaeDYWeTWV2Ml2yVN96U0=
-19,140,ewcF3wMwIuehgxaaId5PXtg5a2g=,bNr9Y7YaeDYWeTWV2Ml2yVN96U0=
-18,128,ewcF3wMwIuehgxaaId5PXtg5a2g=,bNr9Y7YaeDYWeTWV2Ml2yVN96U0=
-20,140,ewcF3wMwIuehgxaaId5PXtg5a2g=,bNr9Y7YaeDYWeTWV2Ml2yVN96U0=
-22,130,ewcF3wMwIuehgxaaId5PXtg5a2g=,bNr9Y7YaeDYWeTWV2Ml2yVN96U0=
-21,140,ewcF3wMwIuehgxaaId5PXtg5a2g=,bNr9Y7YaeDYWeTWV2Ml2yVN96U0=
-22,140,ewcF3wMwIuehgxaaId5PXtg5a2g=,bNr9Y7YaeDYWeTWV2Ml2yVN96U0=
-23,140,ewcF3wMwIuehgxaaId5PXtg5a2g=,bNr9Y7YaeDYWeTWV2Ml2yVN96U0=
-24,140,ewcF3wMwIuehgxaaId5PXtg5a2g=,bNr9Y7YaeDYWeTWV2Ml2yVN96U0=
-25,140,ewcF3wMwIuehgxaaId5PXtg5a2g=,bNr9Y7YaeDYWeTWV2Ml2yVN96U0=
-26,140,ewcF3wMwIuehgxaaId5PXtg5a2g=,bNr9Y7YaeDYWeTWV2Ml2yVN96U0=
-27,140,ewcF3wMwIuehgxaaId5PXtg5a2g=,bNr9Y7YaeDYWeTWV2Ml2yVN96U0=
-28,140,ewcF3wMwIuehgxaaId5PXtg5a2g=,bNr9Y7YaeDYWeTWV2Ml2yVN96U0=
-29,140,ewcF3wMwIuehgxaaId5PXtg5a2g=,bNr9Y7YaeDYWeTWV2Ml2yVN96U0=
-30,140,ewcF3wMwIuehgxaaId5PXtg5a2g=,bNr9Y7YaeDYWeTWV2Ml2yVN96U0=
-31,140,ewcF3wMwIuehgxaaId5PXtg5a2g=,bNr9Y7YaeDYWeTWV2Ml2yVN96U0=
-32,140,ewcF3wMwIuehgxaaId5PXtg5a2g=,bNr9Y7YaeDYWeTWV2Ml2yVN96U0=
-17,139,ewcF3wMwIuehgxaaId5PXtg5a2g=,bNr9Y7YaeDYWeTWV2Ml2yVN96U0=
-18,139,ewcF3wMwIuehgxaaId5PXtg5a2g=,bNr9Y7YaeDYWeTWV2Ml2yVN96U0=
-19,139,ewcF3wMwIuehgxaaId5PXtg5a2g=,bNr9Y7YaeDYWeTWV2Ml2yVN96U0=
-20,139,ewcF3wMwIuehgxaaId5PXtg5a2g=,bNr9Y7YaeDYWeTWV2Ml2yVN96U0=
-19,128,ewcF3wMwIuehgxaaId5PXtg5a2g=,bNr9Y7YaeDYWeTWV2Ml2yVN96U0=
-21,139,ewcF3wMwIuehgxaaId5PXtg5a2g=,bNr9Y7YaeDYWeTWV2Ml2yVN96U0=
-23,130,ewcF3wMwIuehgxaaId5PXtg5a2g=,bNr9Y7YaeDYWeTWV2Ml2yVN96U0=
-22,139,ewcF3wMwIuehgxaaId5PXtg5a2g=,bNr9Y7YaeDYWeTWV2Ml2yVN96U0=
-23,139,ewcF3wMwIuehgxaaId5PXtg5a2g=,bNr9Y7YaeDYWeTWV2Ml2yVN96U0=
-24,139,ewcF3wMwIuehgxaaId5PXtg5a2g=,bNr9Y7YaeDYWeTWV2Ml2yVN96U0=
-25,139,ewcF3wMwIuehgxaaId5PXtg5a2g=,bNr9Y7YaeDYWeTWV2Ml2yVN96U0=
-26,139,ewcF3wMwIuehgxaaId5PXtg5a2g=,bNr9Y7YaeDYWeTWV2Ml2yVN96U0=
-27,139,ewcF3wMwIuehgxaaId5PXtg5a2g=,bNr9Y7YaeDYWeTWV2Ml2yVN96U0=
-28,139,ewcF3wMwIuehgxaaId5PXtg5a2g=,bNr9Y7YaeDYWeTWV2Ml2yVN96U0=
-29,139,ewcF3wMwIuehgxaaId5PXtg5a2g=,bNr9Y7YaeDYWeTWV2Ml2yVN96U0=
-30,139,ewcF3wMwIuehgxaaId5PXtg5a2g=,bNr9Y7YaeDYWeTWV2Ml2yVN96U0=
-31,139,ewcF3wMwIuehgxaaId5PXtg5a2g=,bNr9Y7YaeDYWeTWV2Ml2yVN96U0=
-32,139,ewcF3wMwIuehgxaaId5PXtg5a2g=,bNr9Y7YaeDYWeTWV2Ml2yVN96U0=
-17,138,ewcF3wMwIuehgxaaId5PXtg5a2g=,bNr9Y7YaeDYWeTWV2Ml2yVN96U0=
-18,138,ewcF3wMwIuehgxaaId5PXtg5a2g=,bNr9Y7YaeDYWeTWV2Ml2yVN96U0=
-19,138,ewcF3wMwIuehgxaaId5PXtg5a2g=,bNr9Y7YaeDYWeTWV2Ml2yVN96U0=
-20,138,ewcF3wMwIuehgxaaId5PXtg5a2g=,bNr9Y7YaeDYWeTWV2Ml2yVN96U0=
-21,138,ewcF3wMwIuehgxaaId5PXtg5a2g=,bNr9Y7YaeDYWeTWV2Ml2yVN96U0=
-20,128,ewcF3wMwIuehgxaaId5PXtg5a2g=,bNr9Y7YaeDYWeTWV2Ml2yVN96U0=
-22,138,ewcF3wMwIuehgxaaId5PXtg5a2g=,bNr9Y7YaeDYWeTWV2Ml2yVN96U0=
-24,130,ewcF3wMwIuehgxaaId5PXtg5a2g=,bNr9Y7YaeDYWeTWV2Ml2yVN96U0=
-23,138,ewcF3wMwIuehgxaaId5PXtg5a2g=,bNr9Y7YaeDYWeTWV2Ml2yVN96U0=
-24,138,ewcF3wMwIuehgxaaId5PXtg5a2g=,bNr9Y7YaeDYWeTWV2Ml2yVN96U0=
-25,138,ewcF3wMwIuehgxaaId5PXtg5a2g=,bNr9Y7YaeDYWeTWV2Ml2yVN96U0=
-26,138,ewcF3wMwIuehgxaaId5PXtg5a2g=,bNr9Y7YaeDYWeTWV2Ml2yVN96U0=
-28,138,ewcF3wMwIuehgxaaId5PXtg5a2g=,bNr9Y7YaeDYWeTWV2Ml2yVN96U0=
-29,138,ewcF3wMwIuehgxaaId5PXtg5a2g=,bNr9Y7YaeDYWeTWV2Ml2yVN96U0=
-27,138,ewcF3wMwIuehgxaaId5PXtg5a2g=,bNr9Y7YaeDYWeTWV2Ml2yVN96U0=
-25,128,ewcF3wMwIuehgxaaId5PXtg5a2g=,bNr9Y7YaeDYWeTWV2Ml2yVN96U0=
-30,138,ewcF3wMwIuehgxaaId5PXtg5a2g=,bNr9Y7YaeDYWeTWV2Ml2yVN96U0=
-31,138,ewcF3wMwIuehgxaaId5PXtg5a2g=,bNr9Y7YaeDYWeTWV2Ml2yVN96U0=
-27,133,ewcF3wMwIuehgxaaId5PXtg5a2g=,bNr9Y7YaeDYWeTWV2Ml2yVN96U0=
-26,133,ewcF3wMwIuehgxaaId5PXtg5a2g=,bNr9Y7YaeDYWeTWV2Ml2yVN96U0=
-32,138,ewcF3wMwIuehgxaaId5PXtg5a2g=,bNr9Y7YaeDYWeTWV2Ml2yVN96U0=
-25,133,ewcF3wMwIuehgxaaId5PXtg5a2g=,bNr9Y7YaeDYWeTWV2Ml2yVN96U0=
-17,137,ewcF3wMwIuehgxaaId5PXtg5a2g=,bNr9Y7YaeDYWeTWV2Ml2yVN96U0=
-24,133,ewcF3wMwIuehgxaaId5PXtg5a2g=,bNr9Y7YaeDYWeTWV2Ml2yVN96U0=
-18,137,ewcF3wMwIuehgxaaId5PXtg5a2g=,bNr9Y7YaeDYWeTWV2Ml2yVN96U0=
-23,133,ewcF3wMwIuehgxaaId5PXtg5a2g=,bNr9Y7YaeDYWeTWV2Ml2yVN96U0=
-19,137,ewcF3wMwIuehgxaaId5PXtg5a2g=,bNr9Y7YaeDYWeTWV2Ml2yVN96U0=
-22,133,ewcF3wMwIuehgxaaId5PXtg5a2g=,bNr9Y7YaeDYWeTWV2Ml2yVN96U0=
-20,137,ewcF3wMwIuehgxaaId5PXtg5a2g=,bNr9Y7YaeDYWeTWV2Ml2yVN96U0=
-21,133,ewcF3wMwIuehgxaaId5PXtg5a2g=,bNr9Y7YaeDYWeTWV2Ml2yVN96U0=
-21,137,ewcF3wMwIuehgxaaId5PXtg5a2g=,bNr9Y7YaeDYWeTWV2Ml2yVN96U0=
-20,133,ewcF3wMwIuehgxaaId5PXtg5a2g=,bNr9Y7YaeDYWeTWV2Ml2yVN96U0=
-19,133,ewcF3wMwIuehgxaaId5PXtg5a2g=,bNr9Y7YaeDYWeTWV2Ml2yVN96U0=
-18,133,ewcF3wMwIuehgxaaId5PXtg5a2g=,bNr9Y7YaeDYWeTWV2Ml2yVN96U0=
-22,137,ewcF3wMwIuehgxaaId5PXtg5a2g=,bNr9Y7YaeDYWeTWV2Ml2yVN96U0=
-21,128,ewcF3wMwIuehgxaaId5PXtg5a2g=,bNr9Y7YaeDYWeTWV2Ml2yVN96U0=
-23,137,ewcF3wMwIuehgxaaId5PXtg5a2g=,bNr9Y7YaeDYWeTWV2Ml2yVN96U0=
-17,133,ewcF3wMwIuehgxaaId5PXtg5a2g=,bNr9Y7YaeDYWeTWV2Ml2yVN96U0=
-32,134,ewcF3wMwIuehgxaaId5PXtg5a2g=,bNr9Y7YaeDYWeTWV2Ml2yVN96U0=
-25,130,ewcF3wMwIuehgxaaId5PXtg5a2g=,bNr9Y7YaeDYWeTWV2Ml2yVN96U0=
-24,137,ewcF3wMwIuehgxaaId5PXtg5a2g=,bNr9Y7YaeDYWeTWV2Ml2yVN96U0=
-31,134,ewcF3wMwIuehgxaaId5PXtg5a2g=,bNr9Y7YaeDYWeTWV2Ml2yVN96U0=
-25,137,ewcF3wMwIuehgxaaId5PXtg5a2g=,bNr9Y7YaeDYWeTWV2Ml2yVN96U0=
-30,134,ewcF3wMwIuehgxaaId5PXtg5a2g=,bNr9Y7YaeDYWeTWV2Ml2yVN96U0=
-26,137,ewcF3wMwIuehgxaaId5PXtg5a2g=,bNr9Y7YaeDYWeTWV2Ml2yVN96U0=
-29,134,ewcF3wMwIuehgxaaId5PXtg5a2g=,bNr9Y7YaeDYWeTWV2Ml2yVN96U0=
-27,137,ewcF3wMwIuehgxaaId5PXtg5a2g=,bNr9Y7YaeDYWeTWV2Ml2yVN96U0=
-28,134,ewcF3wMwIuehgxaaId5PXtg5a2g=,bNr9Y7YaeDYWeTWV2Ml2yVN96U0=
-29,137,ewcF3wMwIuehgxaaId5PXtg5a2g=,bNr9Y7YaeDYWeTWV2Ml2yVN96U0=
-28,137,ewcF3wMwIuehgxaaId5PXtg5a2g=,bNr9Y7YaeDYWeTWV2Ml2yVN96U0=
-30,137,ewcF3wMwIuehgxaaId5PXtg5a2g=,bNr9Y7YaeDYWeTWV2Ml2yVN96U0=
-31,137,ewcF3wMwIuehgxaaId5PXtg5a2g=,bNr9Y7YaeDYWeTWV2Ml2yVN96U0=
-32,137,ewcF3wMwIuehgxaaId5PXtg5a2g=,bNr9Y7YaeDYWeTWV2Ml2yVN96U0=
-17,136,ewcF3wMwIuehgxaaId5PXtg5a2g=,bNr9Y7YaeDYWeTWV2Ml2yVN96U0=
-18,136,ewcF3wMwIuehgxaaId5PXtg5a2g=,bNr9Y7YaeDYWeTWV2Ml2yVN96U0=
-19,136,ewcF3wMwIuehgxaaId5PXtg5a2g=,bNr9Y7YaeDYWeTWV2Ml2yVN96U0=
-20,136,ewcF3wMwIuehgxaaId5PXtg5a2g=,bNr9Y7YaeDYWeTWV2Ml2yVN96U0=
-21,136,ewcF3wMwIuehgxaaId5PXtg5a2g=,bNr9Y7YaeDYWeTWV2Ml2yVN96U0=
-22,136,ewcF3wMwIuehgxaaId5PXtg5a2g=,bNr9Y7YaeDYWeTWV2Ml2yVN96U0=
-23,136,ewcF3wMwIuehgxaaId5PXtg5a2g=,bNr9Y7YaeDYWeTWV2Ml2yVN96U0=
-32,128,ewcF3wMwIuehgxaaId5PXtg5a2g=,bNr9Y7YaeDYWeTWV2Ml2yVN96U0=
-27,134,ewcF3wMwIuehgxaaId5PXtg5a2g=,bNr9Y7YaeDYWeTWV2Ml2yVN96U0=
-28,130,ewcF3wMwIuehgxaaId5PXtg5a2g=,bNr9Y7YaeDYWeTWV2Ml2yVN96U0=
-31,128,ewcF3wMwIuehgxaaId5PXtg5a2g=,bNr9Y7YaeDYWeTWV2Ml2yVN96U0=
-24,136,ewcF3wMwIuehgxaaId5PXtg5a2g=,bNr9Y7YaeDYWeTWV2Ml2yVN96U0=
-26,130,ewcF3wMwIuehgxaaId5PXtg5a2g=,bNr9Y7YaeDYWeTWV2Ml2yVN96U0=
-25,136,ewcF3wMwIuehgxaaId5PXtg5a2g=,bNr9Y7YaeDYWeTWV2Ml2yVN96U0=
-26,136,ewcF3wMwIuehgxaaId5PXtg5a2g=,bNr9Y7YaeDYWeTWV2Ml2yVN96U0=
-27,136,ewcF3wMwIuehgxaaId5PXtg5a2g=,bNr9Y7YaeDYWeTWV2Ml2yVN96U0=
-28,136,ewcF3wMwIuehgxaaId5PXtg5a2g=,bNr9Y7YaeDYWeTWV2Ml2yVN96U0=
-29,136,ewcF3wMwIuehgxaaId5PXtg5a2g=,bNr9Y7YaeDYWeTWV2Ml2yVN96U0=
-30,136,ewcF3wMwIuehgxaaId5PXtg5a2g=,bNr9Y7YaeDYWeTWV2Ml2yVN96U0=
-31,136,ewcF3wMwIuehgxaaId5PXtg5a2g=,bNr9Y7YaeDYWeTWV2Ml2yVN96U0=
-32,136,ewcF3wMwIuehgxaaId5PXtg5a2g=,bNr9Y7YaeDYWeTWV2Ml2yVN96U0=
-17,135,ewcF3wMwIuehgxaaId5PXtg5a2g=,bNr9Y7YaeDYWeTWV2Ml2yVN96U0=
-18,135,ewcF3wMwIuehgxaaId5PXtg5a2g=,bNr9Y7YaeDYWeTWV2Ml2yVN96U0=
-19,135,ewcF3wMwIuehgxaaId5PXtg5a2g=,bNr9Y7YaeDYWeTWV2Ml2yVN96U0=
-20,135,ewcF3wMwIuehgxaaId5PXtg5a2g=,bNr9Y7YaeDYWeTWV2Ml2yVN96U0=
-21,135,ewcF3wMwIuehgxaaId5PXtg5a2g=,bNr9Y7YaeDYWeTWV2Ml2yVN96U0=
-22,135,ewcF3wMwIuehgxaaId5PXtg5a2g=,bNr9Y7YaeDYWeTWV2Ml2yVN96U0=
-23,135,ewcF3wMwIuehgxaaId5PXtg5a2g=,bNr9Y7YaeDYWeTWV2Ml2yVN96U0=
-24,135,ewcF3wMwIuehgxaaId5PXtg5a2g=,bNr9Y7YaeDYWeTWV2Ml2yVN96U0=
-30,128,ewcF3wMwIuehgxaaId5PXtg5a2g=,bNr9Y7YaeDYWeTWV2Ml2yVN96U0=
-25,135,ewcF3wMwIuehgxaaId5PXtg5a2g=,bNr9Y7YaeDYWeTWV2Ml2yVN96U0=
-27,130,ewcF3wMwIuehgxaaId5PXtg5a2g=,bNr9Y7YaeDYWeTWV2Ml2yVN96U0=
-26,135,ewcF3wMwIuehgxaaId5PXtg5a2g=,bNr9Y7YaeDYWeTWV2Ml2yVN96U0=
-27,135,ewcF3wMwIuehgxaaId5PXtg5a2g=,bNr9Y7YaeDYWeTWV2Ml2yVN96U0=
-28,135,ewcF3wMwIuehgxaaId5PXtg5a2g=,bNr9Y7YaeDYWeTWV2Ml2yVN96U0=
-29,135,ewcF3wMwIuehgxaaId5PXtg5a2g=,bNr9Y7YaeDYWeTWV2Ml2yVN96U0=
-30,135,ewcF3wMwIuehgxaaId5PXtg5a2g=,bNr9Y7YaeDYWeTWV2Ml2yVN96U0=
-31,135,ewcF3wMwIuehgxaaId5PXtg5a2g=,bNr9Y7YaeDYWeTWV2Ml2yVN96U0=
-32,135,ewcF3wMwIuehgxaaId5PXtg5a2g=,bNr9Y7YaeDYWeTWV2Ml2yVN96U0=
-17,134,ewcF3wMwIuehgxaaId5PXtg5a2g=,bNr9Y7YaeDYWeTWV2Ml2yVN96U0=
-18,134,ewcF3wMwIuehgxaaId5PXtg5a2g=,bNr9Y7YaeDYWeTWV2Ml2yVN96U0=
-19,134,ewcF3wMwIuehgxaaId5PXtg5a2g=,bNr9Y7YaeDYWeTWV2Ml2yVN96U0=
-20,134,ewcF3wMwIuehgxaaId5PXtg5a2g=,bNr9Y7YaeDYWeTWV2Ml2yVN96U0=
-22,128,ewcF3wMwIuehgxaaId5PXtg5a2g=,bNr9Y7YaeDYWeTWV2Ml2yVN96U0=
-21,134,ewcF3wMwIuehgxaaId5PXtg5a2g=,bNr9Y7YaeDYWeTWV2Ml2yVN96U0=
-22,134,ewcF3wMwIuehgxaaId5PXtg5a2g=,bNr9Y7YaeDYWeTWV2Ml2yVN96U0=
-23,134,ewcF3wMwIuehgxaaId5PXtg5a2g=,bNr9Y7YaeDYWeTWV2Ml2yVN96U0=
-24,134,ewcF3wMwIuehgxaaId5PXtg5a2g=,bNr9Y7YaeDYWeTWV2Ml2yVN96U0=
-25,134,ewcF3wMwIuehgxaaId5PXtg5a2g=,bNr9Y7YaeDYWeTWV2Ml2yVN96U0=
-26,134,ewcF3wMwIuehgxaaId5PXtg5a2g=,bNr9Y7YaeDYWeTWV2Ml2yVN96U0=
-24,128,ewcF3wMwIuehgxaaId5PXtg5a2g=,bNr9Y7YaeDYWeTWV2Ml2yVN96U0=
-23,128,ewcF3wMwIuehgxaaId5PXtg5a2g=,bNr9Y7YaeDYWeTWV2Ml2yVN96U0=
-27,129,ewcF3wMwIuehgxaaId5PXtg5a2g=,bNr9Y7YaeDYWeTWV2Ml2yVN96U0=
-1,143,Wu6PzrHdsoTyrGhUxT8fCBdTwVs=,fSiYdb2Mo1MpMMoRo/vmNxE59FI=
-3,130,Wu6PzrHdsoTyrGhUxT8fCBdTwVs=,fSiYdb2Mo1MpMMoRo/vmNxE59FI=
-4,131,Wu6PzrHdsoTyrGhUxT8fCBdTwVs=,fSiYdb2Mo1MpMMoRo/vmNxE59FI=
-4,130,Wu6PzrHdsoTyrGhUxT8fCBdTwVs=,fSiYdb2Mo1MpMMoRo/vmNxE59FI=
-5,130,Wu6PzrHdsoTyrGhUxT8fCBdTwVs=,fSiYdb2Mo1MpMMoRo/vmNxE59FI=
-6,130,Wu6PzrHdsoTyrGhUxT8fCBdTwVs=,fSiYdb2Mo1MpMMoRo/vmNxE59FI=
-7,130,Wu6PzrHdsoTyrGhUxT8fCBdTwVs=,fSiYdb2Mo1MpMMoRo/vmNxE59FI=
-8,130,Wu6PzrHdsoTyrGhUxT8fCBdTwVs=,fSiYdb2Mo1MpMMoRo/vmNxE59FI=
-10,130,Wu6PzrHdsoTyrGhUxT8fCBdTwVs=,fSiYdb2Mo1MpMMoRo/vmNxE59FI=
-12,130,Wu6PzrHdsoTyrGhUxT8fCBdTwVs=,fSiYdb2Mo1MpMMoRo/vmNxE59FI=
-11,130,Wu6PzrHdsoTyrGhUxT8fCBdTwVs=,fSiYdb2Mo1MpMMoRo/vmNxE59FI=
-13,130,Wu6PzrHdsoTyrGhUxT8fCBdTwVs=,fSiYdb2Mo1MpMMoRo/vmNxE59FI=
-14,130,Wu6PzrHdsoTyrGhUxT8fCBdTwVs=,fSiYdb2Mo1MpMMoRo/vmNxE59FI=
-15,130,Wu6PzrHdsoTyrGhUxT8fCBdTwVs=,fSiYdb2Mo1MpMMoRo/vmNxE59FI=
-16,130,Wu6PzrHdsoTyrGhUxT8fCBdTwVs=,fSiYdb2Mo1MpMMoRo/vmNxE59FI=
-5,131,Wu6PzrHdsoTyrGhUxT8fCBdTwVs=,fSiYdb2Mo1MpMMoRo/vmNxE59FI=
-2,143,Wu6PzrHdsoTyrGhUxT8fCBdTwVs=,fSiYdb2Mo1MpMMoRo/vmNxE59FI=
-3,143,Wu6PzrHdsoTyrGhUxT8fCBdTwVs=,fSiYdb2Mo1MpMMoRo/vmNxE59FI=
-4,143,Wu6PzrHdsoTyrGhUxT8fCBdTwVs=,fSiYdb2Mo1MpMMoRo/vmNxE59FI=
-5,143,Wu6PzrHdsoTyrGhUxT8fCBdTwVs=,fSiYdb2Mo1MpMMoRo/vmNxE59FI=
-6,143,Wu6PzrHdsoTyrGhUxT8fCBdTwVs=,fSiYdb2Mo1MpMMoRo/vmNxE59FI=
-7,143,Wu6PzrHdsoTyrGhUxT8fCBdTwVs=,fSiYdb2Mo1MpMMoRo/vmNxE59FI=
-8,143,Wu6PzrHdsoTyrGhUxT8fCBdTwVs=,fSiYdb2Mo1MpMMoRo/vmNxE59FI=
-9,143,Wu6PzrHdsoTyrGhUxT8fCBdTwVs=,fSiYdb2Mo1MpMMoRo/vmNxE59FI=
-11,143,Wu6PzrHdsoTyrGhUxT8fCBdTwVs=,fSiYdb2Mo1MpMMoRo/vmNxE59FI=
-10,143,Wu6PzrHdsoTyrGhUxT8fCBdTwVs=,fSiYdb2Mo1MpMMoRo/vmNxE59FI=
-1,129,Wu6PzrHdsoTyrGhUxT8fCBdTwVs=,fSiYdb2Mo1MpMMoRo/vmNxE59FI=
-12,143,Wu6PzrHdsoTyrGhUxT8fCBdTwVs=,fSiYdb2Mo1MpMMoRo/vmNxE59FI=
-13,143,Wu6PzrHdsoTyrGhUxT8fCBdTwVs=,fSiYdb2Mo1MpMMoRo/vmNxE59FI=
-14,143,Wu6PzrHdsoTyrGhUxT8fCBdTwVs=,fSiYdb2Mo1MpMMoRo/vmNxE59FI=
-6,131,Wu6PzrHdsoTyrGhUxT8fCBdTwVs=,fSiYdb2Mo1MpMMoRo/vmNxE59FI=
-16,143,Wu6PzrHdsoTyrGhUxT8fCBdTwVs=,fSiYdb2Mo1MpMMoRo/vmNxE59FI=
-2,129,Wu6PzrHdsoTyrGhUxT8fCBdTwVs=,fSiYdb2Mo1MpMMoRo/vmNxE59FI=
-1,142,Wu6PzrHdsoTyrGhUxT8fCBdTwVs=,fSiYdb2Mo1MpMMoRo/vmNxE59FI=
-2,142,Wu6PzrHdsoTyrGhUxT8fCBdTwVs=,fSiYdb2Mo1MpMMoRo/vmNxE59FI=
-3,142,Wu6PzrHdsoTyrGhUxT8fCBdTwVs=,fSiYdb2Mo1MpMMoRo/vmNxE59FI=
-4,142,Wu6PzrHdsoTyrGhUxT8fCBdTwVs=,fSiYdb2Mo1MpMMoRo/vmNxE59FI=
-15,143,Wu6PzrHdsoTyrGhUxT8fCBdTwVs=,fSiYdb2Mo1MpMMoRo/vmNxE59FI=
-5,142,Wu6PzrHdsoTyrGhUxT8fCBdTwVs=,fSiYdb2Mo1MpMMoRo/vmNxE59FI=
-6,142,Wu6PzrHdsoTyrGhUxT8fCBdTwVs=,fSiYdb2Mo1MpMMoRo/vmNxE59FI=
-7,142,Wu6PzrHdsoTyrGhUxT8fCBdTwVs=,fSiYdb2Mo1MpMMoRo/vmNxE59FI=
-10,142,Wu6PzrHdsoTyrGhUxT8fCBdTwVs=,fSiYdb2Mo1MpMMoRo/vmNxE59FI=
-8,142,Wu6PzrHdsoTyrGhUxT8fCBdTwVs=,fSiYdb2Mo1MpMMoRo/vmNxE59FI=
-9,142,Wu6PzrHdsoTyrGhUxT8fCBdTwVs=,fSiYdb2Mo1MpMMoRo/vmNxE59FI=
-11,142,Wu6PzrHdsoTyrGhUxT8fCBdTwVs=,fSiYdb2Mo1MpMMoRo/vmNxE59FI=
-12,142,Wu6PzrHdsoTyrGhUxT8fCBdTwVs=,fSiYdb2Mo1MpMMoRo/vmNxE59FI=
-13,142,Wu6PzrHdsoTyrGhUxT8fCBdTwVs=,fSiYdb2Mo1MpMMoRo/vmNxE59FI=
-15,129,Wu6PzrHdsoTyrGhUxT8fCBdTwVs=,fSiYdb2Mo1MpMMoRo/vmNxE59FI=
-14,142,Wu6PzrHdsoTyrGhUxT8fCBdTwVs=,fSiYdb2Mo1MpMMoRo/vmNxE59FI=
-15,142,Wu6PzrHdsoTyrGhUxT8fCBdTwVs=,fSiYdb2Mo1MpMMoRo/vmNxE59FI=
-16,129,Wu6PzrHdsoTyrGhUxT8fCBdTwVs=,fSiYdb2Mo1MpMMoRo/vmNxE59FI=
-7,131,Wu6PzrHdsoTyrGhUxT8fCBdTwVs=,fSiYdb2Mo1MpMMoRo/vmNxE59FI=
-16,142,Wu6PzrHdsoTyrGhUxT8fCBdTwVs=,fSiYdb2Mo1MpMMoRo/vmNxE59FI=
-15,128,Wu6PzrHdsoTyrGhUxT8fCBdTwVs=,fSiYdb2Mo1MpMMoRo/vmNxE59FI=
-1,141,Wu6PzrHdsoTyrGhUxT8fCBdTwVs=,fSiYdb2Mo1MpMMoRo/vmNxE59FI=
-2,141,Wu6PzrHdsoTyrGhUxT8fCBdTwVs=,fSiYdb2Mo1MpMMoRo/vmNxE59FI=
-3,141,Wu6PzrHdsoTyrGhUxT8fCBdTwVs=,fSiYdb2Mo1MpMMoRo/vmNxE59FI=
-4,141,Wu6PzrHdsoTyrGhUxT8fCBdTwVs=,fSiYdb2Mo1MpMMoRo/vmNxE59FI=
-5,141,Wu6PzrHdsoTyrGhUxT8fCBdTwVs=,fSiYdb2Mo1MpMMoRo/vmNxE59FI=
-6,141,Wu6PzrHdsoTyrGhUxT8fCBdTwVs=,fSiYdb2Mo1MpMMoRo/vmNxE59FI=
-7,141,Wu6PzrHdsoTyrGhUxT8fCBdTwVs=,fSiYdb2Mo1MpMMoRo/vmNxE59FI=
-8,141,Wu6PzrHdsoTyrGhUxT8fCBdTwVs=,fSiYdb2Mo1MpMMoRo/vmNxE59FI=
-9,141,Wu6PzrHdsoTyrGhUxT8fCBdTwVs=,fSiYdb2Mo1MpMMoRo/vmNxE59FI=
-10,141,Wu6PzrHdsoTyrGhUxT8fCBdTwVs=,fSiYdb2Mo1MpMMoRo/vmNxE59FI=
-11,141,Wu6PzrHdsoTyrGhUxT8fCBdTwVs=,fSiYdb2Mo1MpMMoRo/vmNxE59FI=
-12,141,Wu6PzrHdsoTyrGhUxT8fCBdTwVs=,fSiYdb2Mo1MpMMoRo/vmNxE59FI=
-13,141,Wu6PzrHdsoTyrGhUxT8fCBdTwVs=,fSiYdb2Mo1MpMMoRo/vmNxE59FI=
-8,131,Wu6PzrHdsoTyrGhUxT8fCBdTwVs=,fSiYdb2Mo1MpMMoRo/vmNxE59FI=
-14,141,Wu6PzrHdsoTyrGhUxT8fCBdTwVs=,fSiYdb2Mo1MpMMoRo/vmNxE59FI=
-15,141,Wu6PzrHdsoTyrGhUxT8fCBdTwVs=,fSiYdb2Mo1MpMMoRo/vmNxE59FI=
-3,129,Wu6PzrHdsoTyrGhUxT8fCBdTwVs=,fSiYdb2Mo1MpMMoRo/vmNxE59FI=
-16,141,Wu6PzrHdsoTyrGhUxT8fCBdTwVs=,fSiYdb2Mo1MpMMoRo/vmNxE59FI=
-1,140,Wu6PzrHdsoTyrGhUxT8fCBdTwVs=,fSiYdb2Mo1MpMMoRo/vmNxE59FI=
-2,140,Wu6PzrHdsoTyrGhUxT8fCBdTwVs=,fSiYdb2Mo1MpMMoRo/vmNxE59FI=
-3,140,Wu6PzrHdsoTyrGhUxT8fCBdTwVs=,fSiYdb2Mo1MpMMoRo/vmNxE59FI=
-4,140,Wu6PzrHdsoTyrGhUxT8fCBdTwVs=,fSiYdb2Mo1MpMMoRo/vmNxE59FI=
-5,140,Wu6PzrHdsoTyrGhUxT8fCBdTwVs=,fSiYdb2Mo1MpMMoRo/vmNxE59FI=
-6,140,Wu6PzrHdsoTyrGhUxT8fCBdTwVs=,fSiYdb2Mo1MpMMoRo/vmNxE59FI=
-7,140,Wu6PzrHdsoTyrGhUxT8fCBdTwVs=,fSiYdb2Mo1MpMMoRo/vmNxE59FI=
-8,140,Wu6PzrHdsoTyrGhUxT8fCBdTwVs=,fSiYdb2Mo1MpMMoRo/vmNxE59FI=
-9,140,Wu6PzrHdsoTyrGhUxT8fCBdTwVs=,fSiYdb2Mo1MpMMoRo/vmNxE59FI=
-10,140,Wu6PzrHdsoTyrGhUxT8fCBdTwVs=,fSiYdb2Mo1MpMMoRo/vmNxE59FI=
-11,140,Wu6PzrHdsoTyrGhUxT8fCBdTwVs=,fSiYdb2Mo1MpMMoRo/vmNxE59FI=
-12,140,Wu6PzrHdsoTyrGhUxT8fCBdTwVs=,fSiYdb2Mo1MpMMoRo/vmNxE59FI=
-1,128,Wu6PzrHdsoTyrGhUxT8fCBdTwVs=,fSiYdb2Mo1MpMMoRo/vmNxE59FI=
-9,131,Wu6PzrHdsoTyrGhUxT8fCBdTwVs=,fSiYdb2Mo1MpMMoRo/vmNxE59FI=
-13,140,Wu6PzrHdsoTyrGhUxT8fCBdTwVs=,fSiYdb2Mo1MpMMoRo/vmNxE59FI=
-14,140,Wu6PzrHdsoTyrGhUxT8fCBdTwVs=,fSiYdb2Mo1MpMMoRo/vmNxE59FI=
-15,140,Wu6PzrHdsoTyrGhUxT8fCBdTwVs=,fSiYdb2Mo1MpMMoRo/vmNxE59FI=
-13,128,Wu6PzrHdsoTyrGhUxT8fCBdTwVs=,fSiYdb2Mo1MpMMoRo/vmNxE59FI=
-5,129,Wu6PzrHdsoTyrGhUxT8fCBdTwVs=,fSiYdb2Mo1MpMMoRo/vmNxE59FI=
-1,139,Wu6PzrHdsoTyrGhUxT8fCBdTwVs=,fSiYdb2Mo1MpMMoRo/vmNxE59FI=
-16,140,Wu6PzrHdsoTyrGhUxT8fCBdTwVs=,fSiYdb2Mo1MpMMoRo/vmNxE59FI=
-2,139,Wu6PzrHdsoTyrGhUxT8fCBdTwVs=,fSiYdb2Mo1MpMMoRo/vmNxE59FI=
-4,139,Wu6PzrHdsoTyrGhUxT8fCBdTwVs=,fSiYdb2Mo1MpMMoRo/vmNxE59FI=
-5,139,Wu6PzrHdsoTyrGhUxT8fCBdTwVs=,fSiYdb2Mo1MpMMoRo/vmNxE59FI=
-6,139,Wu6PzrHdsoTyrGhUxT8fCBdTwVs=,fSiYdb2Mo1MpMMoRo/vmNxE59FI=
-3,139,Wu6PzrHdsoTyrGhUxT8fCBdTwVs=,fSiYdb2Mo1MpMMoRo/vmNxE59FI=
-7,139,Wu6PzrHdsoTyrGhUxT8fCBdTwVs=,fSiYdb2Mo1MpMMoRo/vmNxE59FI=
-8,139,Wu6PzrHdsoTyrGhUxT8fCBdTwVs=,fSiYdb2Mo1MpMMoRo/vmNxE59FI=
-9,139,Wu6PzrHdsoTyrGhUxT8fCBdTwVs=,fSiYdb2Mo1MpMMoRo/vmNxE59FI=
-10,139,Wu6PzrHdsoTyrGhUxT8fCBdTwVs=,fSiYdb2Mo1MpMMoRo/vmNxE59FI=
-11,139,Wu6PzrHdsoTyrGhUxT8fCBdTwVs=,fSiYdb2Mo1MpMMoRo/vmNxE59FI=
-4,129,Wu6PzrHdsoTyrGhUxT8fCBdTwVs=,fSiYdb2Mo1MpMMoRo/vmNxE59FI=
-10,131,Wu6PzrHdsoTyrGhUxT8fCBdTwVs=,fSiYdb2Mo1MpMMoRo/vmNxE59FI=
-12,139,Wu6PzrHdsoTyrGhUxT8fCBdTwVs=,fSiYdb2Mo1MpMMoRo/vmNxE59FI=
-13,139,Wu6PzrHdsoTyrGhUxT8fCBdTwVs=,fSiYdb2Mo1MpMMoRo/vmNxE59FI=
-14,139,Wu6PzrHdsoTyrGhUxT8fCBdTwVs=,fSiYdb2Mo1MpMMoRo/vmNxE59FI=
-15,139,Wu6PzrHdsoTyrGhUxT8fCBdTwVs=,fSiYdb2Mo1MpMMoRo/vmNxE59FI=
-16,139,Wu6PzrHdsoTyrGhUxT8fCBdTwVs=,fSiYdb2Mo1MpMMoRo/vmNxE59FI=
-1,138,Wu6PzrHdsoTyrGhUxT8fCBdTwVs=,fSiYdb2Mo1MpMMoRo/vmNxE59FI=
-2,138,Wu6PzrHdsoTyrGhUxT8fCBdTwVs=,fSiYdb2Mo1MpMMoRo/vmNxE59FI=
-3,138,Wu6PzrHdsoTyrGhUxT8fCBdTwVs=,fSiYdb2Mo1MpMMoRo/vmNxE59FI=
-4,138,Wu6PzrHdsoTyrGhUxT8fCBdTwVs=,fSiYdb2Mo1MpMMoRo/vmNxE59FI=
-5,138,Wu6PzrHdsoTyrGhUxT8fCBdTwVs=,fSiYdb2Mo1MpMMoRo/vmNxE59FI=
-6,138,Wu6PzrHdsoTyrGhUxT8fCBdTwVs=,fSiYdb2Mo1MpMMoRo/vmNxE59FI=
-7,138,Wu6PzrHdsoTyrGhUxT8fCBdTwVs=,fSiYdb2Mo1MpMMoRo/vmNxE59FI=
-8,138,Wu6PzrHdsoTyrGhUxT8fCBdTwVs=,fSiYdb2Mo1MpMMoRo/vmNxE59FI=
-9,138,Wu6PzrHdsoTyrGhUxT8fCBdTwVs=,fSiYdb2Mo1MpMMoRo/vmNxE59FI=
-2,128,Wu6PzrHdsoTyrGhUxT8fCBdTwVs=,fSiYdb2Mo1MpMMoRo/vmNxE59FI=
-11,131,Wu6PzrHdsoTyrGhUxT8fCBdTwVs=,fSiYdb2Mo1MpMMoRo/vmNxE59FI=
-11,138,Wu6PzrHdsoTyrGhUxT8fCBdTwVs=,fSiYdb2Mo1MpMMoRo/vmNxE59FI=
-12,138,Wu6PzrHdsoTyrGhUxT8fCBdTwVs=,fSiYdb2Mo1MpMMoRo/vmNxE59FI=
-13,138,Wu6PzrHdsoTyrGhUxT8fCBdTwVs=,fSiYdb2Mo1MpMMoRo/vmNxE59FI=
-14,138,Wu6PzrHdsoTyrGhUxT8fCBdTwVs=,fSiYdb2Mo1MpMMoRo/vmNxE59FI=
-15,138,Wu6PzrHdsoTyrGhUxT8fCBdTwVs=,fSiYdb2Mo1MpMMoRo/vmNxE59FI=
-3,128,Wu6PzrHdsoTyrGhUxT8fCBdTwVs=,fSiYdb2Mo1MpMMoRo/vmNxE59FI=
-16,138,Wu6PzrHdsoTyrGhUxT8fCBdTwVs=,fSiYdb2Mo1MpMMoRo/vmNxE59FI=
-2,137,Wu6PzrHdsoTyrGhUxT8fCBdTwVs=,fSiYdb2Mo1MpMMoRo/vmNxE59FI=
-1,137,Wu6PzrHdsoTyrGhUxT8fCBdTwVs=,fSiYdb2Mo1MpMMoRo/vmNxE59FI=
-3,137,Wu6PzrHdsoTyrGhUxT8fCBdTwVs=,fSiYdb2Mo1MpMMoRo/vmNxE59FI=
-14,128,Wu6PzrHdsoTyrGhUxT8fCBdTwVs=,fSiYdb2Mo1MpMMoRo/vmNxE59FI=
-4,137,Wu6PzrHdsoTyrGhUxT8fCBdTwVs=,fSiYdb2Mo1MpMMoRo/vmNxE59FI=
-5,137,Wu6PzrHdsoTyrGhUxT8fCBdTwVs=,fSiYdb2Mo1MpMMoRo/vmNxE59FI=
-7,137,Wu6PzrHdsoTyrGhUxT8fCBdTwVs=,fSiYdb2Mo1MpMMoRo/vmNxE59FI=
-6,137,Wu6PzrHdsoTyrGhUxT8fCBdTwVs=,fSiYdb2Mo1MpMMoRo/vmNxE59FI=
-10,138,Wu6PzrHdsoTyrGhUxT8fCBdTwVs=,fSiYdb2Mo1MpMMoRo/vmNxE59FI=
-9,137,Wu6PzrHdsoTyrGhUxT8fCBdTwVs=,fSiYdb2Mo1MpMMoRo/vmNxE59FI=
-5,128,Wu6PzrHdsoTyrGhUxT8fCBdTwVs=,fSiYdb2Mo1MpMMoRo/vmNxE59FI=
-8,137,Wu6PzrHdsoTyrGhUxT8fCBdTwVs=,fSiYdb2Mo1MpMMoRo/vmNxE59FI=
-10,137,Wu6PzrHdsoTyrGhUxT8fCBdTwVs=,fSiYdb2Mo1MpMMoRo/vmNxE59FI=
-11,137,Wu6PzrHdsoTyrGhUxT8fCBdTwVs=,fSiYdb2Mo1MpMMoRo/vmNxE59FI=
-12,131,Wu6PzrHdsoTyrGhUxT8fCBdTwVs=,fSiYdb2Mo1MpMMoRo/vmNxE59FI=
-12,137,Wu6PzrHdsoTyrGhUxT8fCBdTwVs=,fSiYdb2Mo1MpMMoRo/vmNxE59FI=
-13,137,Wu6PzrHdsoTyrGhUxT8fCBdTwVs=,fSiYdb2Mo1MpMMoRo/vmNxE59FI=
-14,137,Wu6PzrHdsoTyrGhUxT8fCBdTwVs=,fSiYdb2Mo1MpMMoRo/vmNxE59FI=
-15,137,Wu6PzrHdsoTyrGhUxT8fCBdTwVs=,fSiYdb2Mo1MpMMoRo/vmNxE59FI=
-8,129,Wu6PzrHdsoTyrGhUxT8fCBdTwVs=,fSiYdb2Mo1MpMMoRo/vmNxE59FI=
-16,137,Wu6PzrHdsoTyrGhUxT8fCBdTwVs=,fSiYdb2Mo1MpMMoRo/vmNxE59FI=
-1,136,Wu6PzrHdsoTyrGhUxT8fCBdTwVs=,fSiYdb2Mo1MpMMoRo/vmNxE59FI=
-2,136,Wu6PzrHdsoTyrGhUxT8fCBdTwVs=,fSiYdb2Mo1MpMMoRo/vmNxE59FI=
-3,136,Wu6PzrHdsoTyrGhUxT8fCBdTwVs=,fSiYdb2Mo1MpMMoRo/vmNxE59FI=
-4,136,Wu6PzrHdsoTyrGhUxT8fCBdTwVs=,fSiYdb2Mo1MpMMoRo/vmNxE59FI=
-5,136,Wu6PzrHdsoTyrGhUxT8fCBdTwVs=,fSiYdb2Mo1MpMMoRo/vmNxE59FI=
-6,136,Wu6PzrHdsoTyrGhUxT8fCBdTwVs=,fSiYdb2Mo1MpMMoRo/vmNxE59FI=
-7,136,Wu6PzrHdsoTyrGhUxT8fCBdTwVs=,fSiYdb2Mo1MpMMoRo/vmNxE59FI=
-8,136,Wu6PzrHdsoTyrGhUxT8fCBdTwVs=,fSiYdb2Mo1MpMMoRo/vmNxE59FI=
-6,128,Wu6PzrHdsoTyrGhUxT8fCBdTwVs=,fSiYdb2Mo1MpMMoRo/vmNxE59FI=
-13,131,Wu6PzrHdsoTyrGhUxT8fCBdTwVs=,fSiYdb2Mo1MpMMoRo/vmNxE59FI=
-9,136,Wu6PzrHdsoTyrGhUxT8fCBdTwVs=,fSiYdb2Mo1MpMMoRo/vmNxE59FI=
-11,136,Wu6PzrHdsoTyrGhUxT8fCBdTwVs=,fSiYdb2Mo1MpMMoRo/vmNxE59FI=
-12,136,Wu6PzrHdsoTyrGhUxT8fCBdTwVs=,fSiYdb2Mo1MpMMoRo/vmNxE59FI=
-10,136,Wu6PzrHdsoTyrGhUxT8fCBdTwVs=,fSiYdb2Mo1MpMMoRo/vmNxE59FI=
-13,136,Wu6PzrHdsoTyrGhUxT8fCBdTwVs=,fSiYdb2Mo1MpMMoRo/vmNxE59FI=
-15,136,Wu6PzrHdsoTyrGhUxT8fCBdTwVs=,fSiYdb2Mo1MpMMoRo/vmNxE59FI=
-4,128,Wu6PzrHdsoTyrGhUxT8fCBdTwVs=,fSiYdb2Mo1MpMMoRo/vmNxE59FI=
-14,136,Wu6PzrHdsoTyrGhUxT8fCBdTwVs=,fSiYdb2Mo1MpMMoRo/vmNxE59FI=
-16,136,Wu6PzrHdsoTyrGhUxT8fCBdTwVs=,fSiYdb2Mo1MpMMoRo/vmNxE59FI=
-1,135,Wu6PzrHdsoTyrGhUxT8fCBdTwVs=,fSiYdb2Mo1MpMMoRo/vmNxE59FI=
-2,135,Wu6PzrHdsoTyrGhUxT8fCBdTwVs=,fSiYdb2Mo1MpMMoRo/vmNxE59FI=
-3,135,Wu6PzrHdsoTyrGhUxT8fCBdTwVs=,fSiYdb2Mo1MpMMoRo/vmNxE59FI=
-4,135,Wu6PzrHdsoTyrGhUxT8fCBdTwVs=,fSiYdb2Mo1MpMMoRo/vmNxE59FI=
-5,135,Wu6PzrHdsoTyrGhUxT8fCBdTwVs=,fSiYdb2Mo1MpMMoRo/vmNxE59FI=
-6,135,Wu6PzrHdsoTyrGhUxT8fCBdTwVs=,fSiYdb2Mo1MpMMoRo/vmNxE59FI=
-7,135,Wu6PzrHdsoTyrGhUxT8fCBdTwVs=,fSiYdb2Mo1MpMMoRo/vmNxE59FI=
-7,128,Wu6PzrHdsoTyrGhUxT8fCBdTwVs=,fSiYdb2Mo1MpMMoRo/vmNxE59FI=
-14,131,Wu6PzrHdsoTyrGhUxT8fCBdTwVs=,fSiYdb2Mo1MpMMoRo/vmNxE59FI=
-8,135,Wu6PzrHdsoTyrGhUxT8fCBdTwVs=,fSiYdb2Mo1MpMMoRo/vmNxE59FI=
-9,135,Wu6PzrHdsoTyrGhUxT8fCBdTwVs=,fSiYdb2Mo1MpMMoRo/vmNxE59FI=
-10,135,Wu6PzrHdsoTyrGhUxT8fCBdTwVs=,fSiYdb2Mo1MpMMoRo/vmNxE59FI=
-12,135,Wu6PzrHdsoTyrGhUxT8fCBdTwVs=,fSiYdb2Mo1MpMMoRo/vmNxE59FI=
-13,135,Wu6PzrHdsoTyrGhUxT8fCBdTwVs=,fSiYdb2Mo1MpMMoRo/vmNxE59FI=
-11,135,Wu6PzrHdsoTyrGhUxT8fCBdTwVs=,fSiYdb2Mo1MpMMoRo/vmNxE59FI=
-14,135,Wu6PzrHdsoTyrGhUxT8fCBdTwVs=,fSiYdb2Mo1MpMMoRo/vmNxE59FI=
-15,135,Wu6PzrHdsoTyrGhUxT8fCBdTwVs=,fSiYdb2Mo1MpMMoRo/vmNxE59FI=
-16,135,Wu6PzrHdsoTyrGhUxT8fCBdTwVs=,fSiYdb2Mo1MpMMoRo/vmNxE59FI=
-1,134,Wu6PzrHdsoTyrGhUxT8fCBdTwVs=,fSiYdb2Mo1MpMMoRo/vmNxE59FI=
-2,134,Wu6PzrHdsoTyrGhUxT8fCBdTwVs=,fSiYdb2Mo1MpMMoRo/vmNxE59FI=
-16,128,Wu6PzrHdsoTyrGhUxT8fCBdTwVs=,fSiYdb2Mo1MpMMoRo/vmNxE59FI=
-7,129,Wu6PzrHdsoTyrGhUxT8fCBdTwVs=,fSiYdb2Mo1MpMMoRo/vmNxE59FI=
-3,134,Wu6PzrHdsoTyrGhUxT8fCBdTwVs=,fSiYdb2Mo1MpMMoRo/vmNxE59FI=
-4,134,Wu6PzrHdsoTyrGhUxT8fCBdTwVs=,fSiYdb2Mo1MpMMoRo/vmNxE59FI=
-5,134,Wu6PzrHdsoTyrGhUxT8fCBdTwVs=,fSiYdb2Mo1MpMMoRo/vmNxE59FI=
-6,134,Wu6PzrHdsoTyrGhUxT8fCBdTwVs=,fSiYdb2Mo1MpMMoRo/vmNxE59FI=
-8,128,Wu6PzrHdsoTyrGhUxT8fCBdTwVs=,fSiYdb2Mo1MpMMoRo/vmNxE59FI=
-7,134,Wu6PzrHdsoTyrGhUxT8fCBdTwVs=,fSiYdb2Mo1MpMMoRo/vmNxE59FI=
-15,131,Wu6PzrHdsoTyrGhUxT8fCBdTwVs=,fSiYdb2Mo1MpMMoRo/vmNxE59FI=
-8,134,Wu6PzrHdsoTyrGhUxT8fCBdTwVs=,fSiYdb2Mo1MpMMoRo/vmNxE59FI=
-9,134,Wu6PzrHdsoTyrGhUxT8fCBdTwVs=,fSiYdb2Mo1MpMMoRo/vmNxE59FI=
-10,134,Wu6PzrHdsoTyrGhUxT8fCBdTwVs=,fSiYdb2Mo1MpMMoRo/vmNxE59FI=
-11,134,Wu6PzrHdsoTyrGhUxT8fCBdTwVs=,fSiYdb2Mo1MpMMoRo/vmNxE59FI=
-12,134,Wu6PzrHdsoTyrGhUxT8fCBdTwVs=,fSiYdb2Mo1MpMMoRo/vmNxE59FI=
-13,134,Wu6PzrHdsoTyrGhUxT8fCBdTwVs=,fSiYdb2Mo1MpMMoRo/vmNxE59FI=
-14,134,Wu6PzrHdsoTyrGhUxT8fCBdTwVs=,fSiYdb2Mo1MpMMoRo/vmNxE59FI=
-15,134,Wu6PzrHdsoTyrGhUxT8fCBdTwVs=,fSiYdb2Mo1MpMMoRo/vmNxE59FI=
-16,134,Wu6PzrHdsoTyrGhUxT8fCBdTwVs=,fSiYdb2Mo1MpMMoRo/vmNxE59FI=
-10,129,Wu6PzrHdsoTyrGhUxT8fCBdTwVs=,fSiYdb2Mo1MpMMoRo/vmNxE59FI=
-1,133,Wu6PzrHdsoTyrGhUxT8fCBdTwVs=,fSiYdb2Mo1MpMMoRo/vmNxE59FI=
-2,133,Wu6PzrHdsoTyrGhUxT8fCBdTwVs=,fSiYdb2Mo1MpMMoRo/vmNxE59FI=
-3,133,Wu6PzrHdsoTyrGhUxT8fCBdTwVs=,fSiYdb2Mo1MpMMoRo/vmNxE59FI=
-4,133,Wu6PzrHdsoTyrGhUxT8fCBdTwVs=,fSiYdb2Mo1MpMMoRo/vmNxE59FI=
-5,133,Wu6PzrHdsoTyrGhUxT8fCBdTwVs=,fSiYdb2Mo1MpMMoRo/vmNxE59FI=
-11,129,Wu6PzrHdsoTyrGhUxT8fCBdTwVs=,fSiYdb2Mo1MpMMoRo/vmNxE59FI=
-12,129,Wu6PzrHdsoTyrGhUxT8fCBdTwVs=,fSiYdb2Mo1MpMMoRo/vmNxE59FI=
-16,131,Wu6PzrHdsoTyrGhUxT8fCBdTwVs=,fSiYdb2Mo1MpMMoRo/vmNxE59FI=
-6,133,Wu6PzrHdsoTyrGhUxT8fCBdTwVs=,fSiYdb2Mo1MpMMoRo/vmNxE59FI=
-6,129,Wu6PzrHdsoTyrGhUxT8fCBdTwVs=,fSiYdb2Mo1MpMMoRo/vmNxE59FI=
-7,133,Wu6PzrHdsoTyrGhUxT8fCBdTwVs=,fSiYdb2Mo1MpMMoRo/vmNxE59FI=
-9,133,Wu6PzrHdsoTyrGhUxT8fCBdTwVs=,fSiYdb2Mo1MpMMoRo/vmNxE59FI=
-8,133,Wu6PzrHdsoTyrGhUxT8fCBdTwVs=,fSiYdb2Mo1MpMMoRo/vmNxE59FI=
-10,133,Wu6PzrHdsoTyrGhUxT8fCBdTwVs=,fSiYdb2Mo1MpMMoRo/vmNxE59FI=
-11,133,Wu6PzrHdsoTyrGhUxT8fCBdTwVs=,fSiYdb2Mo1MpMMoRo/vmNxE59FI=
-13,133,Wu6PzrHdsoTyrGhUxT8fCBdTwVs=,fSiYdb2Mo1MpMMoRo/vmNxE59FI=
-9,129,Wu6PzrHdsoTyrGhUxT8fCBdTwVs=,fSiYdb2Mo1MpMMoRo/vmNxE59FI=
-14,133,Wu6PzrHdsoTyrGhUxT8fCBdTwVs=,fSiYdb2Mo1MpMMoRo/vmNxE59FI=
-15,133,Wu6PzrHdsoTyrGhUxT8fCBdTwVs=,fSiYdb2Mo1MpMMoRo/vmNxE59FI=
-16,133,Wu6PzrHdsoTyrGhUxT8fCBdTwVs=,fSiYdb2Mo1MpMMoRo/vmNxE59FI=
-1,132,Wu6PzrHdsoTyrGhUxT8fCBdTwVs=,fSiYdb2Mo1MpMMoRo/vmNxE59FI=
-12,133,Wu6PzrHdsoTyrGhUxT8fCBdTwVs=,fSiYdb2Mo1MpMMoRo/vmNxE59FI=
-3,132,Wu6PzrHdsoTyrGhUxT8fCBdTwVs=,fSiYdb2Mo1MpMMoRo/vmNxE59FI=
-4,132,Wu6PzrHdsoTyrGhUxT8fCBdTwVs=,fSiYdb2Mo1MpMMoRo/vmNxE59FI=
-10,128,Wu6PzrHdsoTyrGhUxT8fCBdTwVs=,fSiYdb2Mo1MpMMoRo/vmNxE59FI=
-5,132,Wu6PzrHdsoTyrGhUxT8fCBdTwVs=,fSiYdb2Mo1MpMMoRo/vmNxE59FI=
-2,132,Wu6PzrHdsoTyrGhUxT8fCBdTwVs=,fSiYdb2Mo1MpMMoRo/vmNxE59FI=
-1,130,Wu6PzrHdsoTyrGhUxT8fCBdTwVs=,fSiYdb2Mo1MpMMoRo/vmNxE59FI=
-6,132,Wu6PzrHdsoTyrGhUxT8fCBdTwVs=,fSiYdb2Mo1MpMMoRo/vmNxE59FI=
-7,132,Wu6PzrHdsoTyrGhUxT8fCBdTwVs=,fSiYdb2Mo1MpMMoRo/vmNxE59FI=
-8,132,Wu6PzrHdsoTyrGhUxT8fCBdTwVs=,fSiYdb2Mo1MpMMoRo/vmNxE59FI=
-9,132,Wu6PzrHdsoTyrGhUxT8fCBdTwVs=,fSiYdb2Mo1MpMMoRo/vmNxE59FI=
-10,132,Wu6PzrHdsoTyrGhUxT8fCBdTwVs=,fSiYdb2Mo1MpMMoRo/vmNxE59FI=
-12,132,Wu6PzrHdsoTyrGhUxT8fCBdTwVs=,fSiYdb2Mo1MpMMoRo/vmNxE59FI=
-11,132,Wu6PzrHdsoTyrGhUxT8fCBdTwVs=,fSiYdb2Mo1MpMMoRo/vmNxE59FI=
-13,132,Wu6PzrHdsoTyrGhUxT8fCBdTwVs=,fSiYdb2Mo1MpMMoRo/vmNxE59FI=
-14,132,Wu6PzrHdsoTyrGhUxT8fCBdTwVs=,fSiYdb2Mo1MpMMoRo/vmNxE59FI=
-15,132,Wu6PzrHdsoTyrGhUxT8fCBdTwVs=,fSiYdb2Mo1MpMMoRo/vmNxE59FI=
-13,129,Wu6PzrHdsoTyrGhUxT8fCBdTwVs=,fSiYdb2Mo1MpMMoRo/vmNxE59FI=
-16,132,Wu6PzrHdsoTyrGhUxT8fCBdTwVs=,fSiYdb2Mo1MpMMoRo/vmNxE59FI=
-1,131,Wu6PzrHdsoTyrGhUxT8fCBdTwVs=,fSiYdb2Mo1MpMMoRo/vmNxE59FI=
-2,131,Wu6PzrHdsoTyrGhUxT8fCBdTwVs=,fSiYdb2Mo1MpMMoRo/vmNxE59FI=
-9,128,Wu6PzrHdsoTyrGhUxT8fCBdTwVs=,fSiYdb2Mo1MpMMoRo/vmNxE59FI=
-3,131,Wu6PzrHdsoTyrGhUxT8fCBdTwVs=,fSiYdb2Mo1MpMMoRo/vmNxE59FI=
-2,130,Wu6PzrHdsoTyrGhUxT8fCBdTwVs=,fSiYdb2Mo1MpMMoRo/vmNxE59FI=
-11,128,Wu6PzrHdsoTyrGhUxT8fCBdTwVs=,fSiYdb2Mo1MpMMoRo/vmNxE59FI=
-9,130,Wu6PzrHdsoTyrGhUxT8fCBdTwVs=,fSiYdb2Mo1MpMMoRo/vmNxE59FI=
-12,128,Wu6PzrHdsoTyrGhUxT8fCBdTwVs=,fSiYdb2Mo1MpMMoRo/vmNxE59FI=
-14,129,Wu6PzrHdsoTyrGhUxT8fCBdTwVs=,fSiYdb2Mo1MpMMoRo/vmNxE59FI=
