14,143,NmhoRtryPVBl80g9LU4vFPF29SQ=,4mlOhLYd+M/2UJ8E7XzE/Ja9W68=
15,143,NmhoRtryPVBl80g9LU4vFPF29SQ=,4mlOhLYd+M/2UJ8E7XzE/Ja9W68=
13,143,NmhoRtryPVBl80g9LU4vFPF29SQ=,4mlOhLYd+M/2UJ8E7XzE/Ja9W68=
12,143,NmhoRtryPVBl80g9LU4vFPF29SQ=,4mlOhLYd+M/2UJ8E7XzE/Ja9W68=
11,143,NmhoRtryPVBl80g9LU4vFPF29SQ=,4mlOhLYd+M/2UJ8E7XzE/Ja9W68=
3,128,NmhoRtryPVBl80g9LU4vFPF29SQ=,4mlOhLYd+M/2UJ8E7XzE/Ja9W68=
10,143,NmhoRtryPVBl80g9LU4vFPF29SQ=,4mlOhLYd+M/2UJ8E7XzE/Ja9W68=
9,143,NmhoRtryPVBl80g9LU4vFPF29SQ=,4mlOhLYd+M/2UJ8E7XzE/Ja9W68=
8,143,NmhoRtryPVBl80g9LU4vFPF29SQ=,4mlOhLYd+M/2UJ8E7XzE/Ja9W68=
15,129,NmhoRtryPVBl80g9LU4vFPF29SQ=,4mlOhLYd+M/2UJ8E7XzE/Ja9W68=
14,129,NmhoRtryPVBl80g9LU4vFPF29SQ=,4mlOhLYd+M/2UJ8E7XzE/Ja9W68=
12,129,NmhoRtryPVBl80g9LU4vFPF29SQ=,4mlOhLYd+M/2UJ8E7XzE/Ja9W68=
7,143,NmhoRtryPVBl80g9LU4vFPF29SQ=,4mlOhLYd+M/2UJ8E7XzE/Ja9W68=
13,129,NmhoRtryPVBl80g9LU4vFPF29SQ=,4mlOhLYd+M/2UJ8E7XzE/Ja9W68=
14,130,NmhoRtryPVBl80g9LU4vFPF29SQ=,4mlOhLYd+M/2UJ8E7XzE/Ja9W68=
11,129,NmhoRtryPVBl80g9LU4vFPF29SQ=,4mlOhLYd+M/2UJ8E7XzE/Ja9W68=
6,143,NmhoRtryPVBl80g9LU4vFPF29SQ=,4mlOhLYd+M/2UJ8E7XzE/Ja9W68=
9,129,NmhoRtryPVBl80g9LU4vFPF29SQ=,4mlOhLYd+M/2UJ8E7XzE/Ja9W68=
8,129,NmhoRtryPVBl80g9LU4vFPF29SQ=,4mlOhLYd+M/2UJ8E7XzE/Ja9W68=
10,129,NmhoRtryPVBl80g9LU4vFPF29SQ=,4mlOhLYd+M/2UJ8E7XzE/Ja9W68=
5,143,NmhoRtryPVBl80g9LU4vFPF29SQ=,4mlOhLYd+M/2UJ8E7XzE/Ja9W68=
4,143,NmhoRtryPVBl80g9LU4vFPF29SQ=,4mlOhLYd+M/2UJ8E7XzE/Ja9W68=
3,143,NmhoRtryPVBl80g9LU4vFPF29SQ=,4mlOhLYd+M/2UJ8E7XzE/Ja9W68=
2,143,NmhoRtryPVBl80g9LU4vFPF29SQ=,4mlOhLYd+M/2UJ8E7XzE/Ja9W68=
1,143,NmhoRtryPVBl80g9LU4vFPF29SQ=,4mlOhLYd+M/2UJ8E7XzE/Ja9W68=
7,129,NmhoRtryPVBl80g9LU4vFPF29SQ=,4mlOhLYd+M/2UJ8E7XzE/Ja9W68=
1,129,NmhoRtryPVBl80g9LU4vFPF29SQ=,4mlOhLYd+M/2UJ8E7XzE/Ja9W68=
4,129,NmhoRtryPVBl80g9LU4vFPF29SQ=,4mlOhLYd+M/2UJ8E7XzE/Ja9W68=
0,143,NmhoRtryPVBl80g9LU4vFPF29SQ=,4mlOhLYd+M/2UJ8E7XzE/Ja9W68=
15,130,NmhoRtryPVBl80g9LU4vFPF29SQ=,4mlOhLYd+M/2UJ8E7XzE/Ja9W68=
13,130,NmhoRtryPVBl80g9LU4vFPF29SQ=,4mlOhLYd+M/2UJ8E7XzE/Ja9W68=
0,131,NmhoRtryPVBl80g9LU4vFPF29SQ=,4mlOhLYd+M/2UJ8E7XzE/Ja9W68=
15,142,NmhoRtryPVBl80g9LU4vFPF29SQ=,4mlOhLYd+M/2UJ8E7XzE/Ja9W68=
1,131,NmhoRtryPVBl80g9LU4vFPF29SQ=,4mlOhLYd+M/2UJ8E7XzE/Ja9W68=
2,131,NmhoRtryPVBl80g9LU4vFPF29SQ=,4mlOhLYd+M/2UJ8E7XzE/Ja9W68=
2,129,NmhoRtryPVBl80g9LU4vFPF29SQ=,4mlOhLYd+M/2UJ8E7XzE/Ja9W68=
14,142,NmhoRtryPVBl80g9LU4vFPF29SQ=,4mlOhLYd+M/2UJ8E7XzE/Ja9W68=
2,128,NmhoRtryPVBl80g9LU4vFPF29SQ=,4mlOhLYd+M/2UJ8E7XzE/Ja9W68=
12,130,NmhoRtryPVBl80g9LU4vFPF29SQ=,4mlOhLYd+M/2UJ8E7XzE/Ja9W68=
13,142,NmhoRtryPVBl80g9LU4vFPF29SQ=,4mlOhLYd+M/2UJ8E7XzE/Ja9W68=
12,142,NmhoRtryPVBl80g9LU4vFPF29SQ=,4mlOhLYd+M/2UJ8E7XzE/Ja9W68=
11,142,NmhoRtryPVBl80g9LU4vFPF29SQ=,4mlOhLYd+M/2UJ8E7XzE/Ja9W68=
10,142,NmhoRtryPVBl80g9LU4vFPF29SQ=,4mlOhLYd+M/2UJ8E7XzE/Ja9W68=
3,129,NmhoRtryPVBl80g9LU4vFPF29SQ=,4mlOhLYd+M/2UJ8E7XzE/Ja9W68=
9,142,NmhoRtryPVBl80g9LU4vFPF29SQ=,4mlOhLYd+M/2UJ8E7XzE/Ja9W68=
8,142,NmhoRtryPVBl80g9LU4vFPF29SQ=,4mlOhLYd+M/2UJ8E7XzE/Ja9W68=
7,142,NmhoRtryPVBl80g9LU4vFPF29SQ=,4mlOhLYd+M/2UJ8E7XzE/Ja9W68=
5,142,NmhoRtryPVBl80g9LU4vFPF29SQ=,4mlOhLYd+M/2UJ8E7XzE/Ja9W68=
4,142,NmhoRtryPVBl80g9LU4vFPF29SQ=,4mlOhLYd+M/2UJ8E7XzE/Ja9W68=
6,142,NmhoRtryPVBl80g9LU4vFPF29SQ=,4mlOhLYd+M/2UJ8E7XzE/Ja9W68=
3,142,NmhoRtryPVBl80g9LU4vFPF29SQ=,4mlOhLYd+M/2UJ8E7XzE/Ja9W68=
2,142,NmhoRtryPVBl80g9LU4vFPF29SQ=,4mlOhLYd+M/2UJ8E7XzE/Ja9W68=
1,142,NmhoRtryPVBl80g9LU4vFPF29SQ=,4mlOhLYd+M/2UJ8E7XzE/Ja9W68=
0,142,NmhoRtryPVBl80g9LU4vFPF29SQ=,4mlOhLYd+M/2UJ8E7XzE/Ja9W68=
15,141,NmhoRtryPVBl80g9LU4vFPF29SQ=,4mlOhLYd+M/2UJ8E7XzE/Ja9W68=
5,129,NmhoRtryPVBl80g9LU4vFPF29SQ=,4mlOhLYd+M/2UJ8E7XzE/Ja9W68=
14,141,NmhoRtryPVBl80g9LU4vFPF29SQ=,4mlOhLYd+M/2UJ8E7XzE/Ja9W68=
15,128,NmhoRtryPVBl80g9LU4vFPF29SQ=,4mlOhLYd+M/2UJ8E7XzE/Ja9W68=
13,141,NmhoRtryPVBl80g9LU4vFPF29SQ=,4mlOhLYd+M/2UJ8E7XzE/Ja9W68=
12,141,NmhoRtryPVBl80g9LU4vFPF29SQ=,4mlOhLYd+M/2UJ8E7XzE/Ja9W68=
11,141,NmhoRtryPVBl80g9LU4vFPF29SQ=,4mlOhLYd+M/2UJ8E7XzE/Ja9W68=
9,141,NmhoRtryPVBl80g9LU4vFPF29SQ=,4mlOhLYd+M/2UJ8E7XzE/Ja9W68=
10,141,NmhoRtryPVBl80g9LU4vFPF29SQ=,4mlOhLYd+M/2UJ8E7XzE/Ja9W68=
8,141,NmhoRtryPVBl80g9LU4vFPF29SQ=,4mlOhLYd+M/2UJ8E7XzE/Ja9W68=
7,141,NmhoRtryPVBl80g9LU4vFPF29SQ=,4mlOhLYd+M/2UJ8E7XzE/Ja9W68=
6,141,NmhoRtryPVBl80g9LU4vFPF29SQ=,4mlOhLYd+M/2UJ8E7XzE/Ja9W68=
0,130,NmhoRtryPVBl80g9LU4vFPF29SQ=,4mlOhLYd+M/2UJ8E7XzE/Ja9W68=
5,141,NmhoRtryPVBl80g9LU4vFPF29SQ=,4mlOhLYd+M/2UJ8E7XzE/Ja9W68=
4,141,NmhoRtryPVBl80g9LU4vFPF29SQ=,4mlOhLYd+M/2UJ8E7XzE/Ja9W68=
3,141,NmhoRtryPVBl80g9LU4vFPF29SQ=,4mlOhLYd+M/2UJ8E7XzE/Ja9W68=
6,129,NmhoRtryPVBl80g9LU4vFPF29SQ=,4mlOhLYd+M/2UJ8E7XzE/Ja9W68=
2,141,NmhoRtryPVBl80g9LU4vFPF29SQ=,4mlOhLYd+M/2UJ8E7XzE/Ja9W68=
1,141,NmhoRtryPVBl80g9LU4vFPF29SQ=,4mlOhLYd+M/2UJ8E7XzE/Ja9W68=
0,141,NmhoRtryPVBl80g9LU4vFPF29SQ=,4mlOhLYd+M/2UJ8E7XzE/Ja9W68=
15,140,NmhoRtryPVBl80g9LU4vFPF29SQ=,4mlOhLYd+M/2UJ8E7XzE/Ja9W68=
14,140,NmhoRtryPVBl80g9LU4vFPF29SQ=,4mlOhLYd+M/2UJ8E7XzE/Ja9W68=
0,129,NmhoRtryPVBl80g9LU4vFPF29SQ=,4mlOhLYd+M/2UJ8E7XzE/Ja9W68=
13,140,NmhoRtryPVBl80g9LU4vFPF29SQ=,4mlOhLYd+M/2UJ8E7XzE/Ja9W68=
12,140,NmhoRtryPVBl80g9LU4vFPF29SQ=,4mlOhLYd+M/2UJ8E7XzE/Ja9W68=
11,130,NmhoRtryPVBl80g9LU4vFPF29SQ=,4mlOhLYd+M/2UJ8E7XzE/Ja9W68=
10,140,NmhoRtryPVBl80g9LU4vFPF29SQ=,4mlOhLYd+M/2UJ8E7XzE/Ja9W68=
9,140,NmhoRtryPVBl80g9LU4vFPF29SQ=,4mlOhLYd+M/2UJ8E7XzE/Ja9W68=
11,140,NmhoRtryPVBl80g9LU4vFPF29SQ=,4mlOhLYd+M/2UJ8E7XzE/Ja9W68=
8,140,NmhoRtryPVBl80g9LU4vFPF29SQ=,4mlOhLYd+M/2UJ8E7XzE/Ja9W68=
7,140,NmhoRtryPVBl80g9LU4vFPF29SQ=,4mlOhLYd+M/2UJ8E7XzE/Ja9W68=
6,140,NmhoRtryPVBl80g9LU4vFPF29SQ=,4mlOhLYd+M/2UJ8E7XzE/Ja9W68=
5,140,NmhoRtryPVBl80g9LU4vFPF29SQ=,4mlOhLYd+M/2UJ8E7XzE/Ja9W68=
4,140,NmhoRtryPVBl80g9LU4vFPF29SQ=,4mlOhLYd+M/2UJ8E7XzE/Ja9W68=
2,140,NmhoRtryPVBl80g9LU4vFPF29SQ=,4mlOhLYd+M/2UJ8E7XzE/Ja9W68=
3,140,NmhoRtryPVBl80g9LU4vFPF29SQ=,4mlOhLYd+M/2UJ8E7XzE/Ja9W68=
1,140,NmhoRtryPVBl80g9LU4vFPF29SQ=,4mlOhLYd+M/2UJ8E7XzE/Ja9W68=
0,140,NmhoRtryPVBl80g9LU4vFPF29SQ=,4mlOhLYd+M/2UJ8E7XzE/Ja9W68=
15,139,NmhoRtryPVBl80g9LU4vFPF29SQ=,4mlOhLYd+M/2UJ8E7XzE/Ja9W68=
14,139,NmhoRtryPVBl80g9LU4vFPF29SQ=,4mlOhLYd+M/2UJ8E7XzE/Ja9W68=
4,128,NmhoRtryPVBl80g9LU4vFPF29SQ=,4mlOhLYd+M/2UJ8E7XzE/Ja9W68=
13,139,NmhoRtryPVBl80g9LU4vFPF29SQ=,4mlOhLYd+M/2UJ8E7XzE/Ja9W68=
3,131,NmhoRtryPVBl80g9LU4vFPF29SQ=,4mlOhLYd+M/2UJ8E7XzE/Ja9W68=
12,139,NmhoRtryPVBl80g9LU4vFPF29SQ=,4mlOhLYd+M/2UJ8E7XzE/Ja9W68=
13,128,NmhoRtryPVBl80g9LU4vFPF29SQ=,4mlOhLYd+M/2UJ8E7XzE/Ja9W68=
11,139,NmhoRtryPVBl80g9LU4vFPF29SQ=,4mlOhLYd+M/2UJ8E7XzE/Ja9W68=
9,130,NmhoRtryPVBl80g9LU4vFPF29SQ=,4mlOhLYd+M/2UJ8E7XzE/Ja9W68=
10,139,NmhoRtryPVBl80g9LU4vFPF29SQ=,4mlOhLYd+M/2UJ8E7XzE/Ja9W68=
14,128,NmhoRtryPVBl80g9LU4vFPF29SQ=,4mlOhLYd+M/2UJ8E7XzE/Ja9W68=
8,139,NmhoRtryPVBl80g9LU4vFPF29SQ=,4mlOhLYd+M/2UJ8E7XzE/Ja9W68=
9,139,NmhoRtryPVBl80g9LU4vFPF29SQ=,4mlOhLYd+M/2UJ8E7XzE/Ja9W68=
7,139,NmhoRtryPVBl80g9LU4vFPF29SQ=,4mlOhLYd+M/2UJ8E7XzE/Ja9W68=
1,128,NmhoRtryPVBl80g9LU4vFPF29SQ=,4mlOhLYd+M/2UJ8E7XzE/Ja9W68=
6,139,NmhoRtryPVBl80g9LU4vFPF29SQ=,4mlOhLYd+M/2UJ8E7XzE/Ja9W68=
5,139,NmhoRtryPVBl80g9LU4vFPF29SQ=,4mlOhLYd+M/2UJ8E7XzE/Ja9W68=
4,139,NmhoRtryPVBl80g9LU4vFPF29SQ=,4mlOhLYd+M/2UJ8E7XzE/Ja9W68=
3,139,NmhoRtryPVBl80g9LU4vFPF29SQ=,4mlOhLYd+M/2UJ8E7XzE/Ja9W68=
2,139,NmhoRtryPVBl80g9LU4vFPF29SQ=,4mlOhLYd+M/2UJ8E7XzE/Ja9W68=
1,139,NmhoRtryPVBl80g9LU4vFPF29SQ=,4mlOhLYd+M/2UJ8E7XzE/Ja9W68=
0,139,NmhoRtryPVBl80g9LU4vFPF29SQ=,4mlOhLYd+M/2UJ8E7XzE/Ja9W68=
14,138,NmhoRtryPVBl80g9LU4vFPF29SQ=,4mlOhLYd+M/2UJ8E7XzE/Ja9W68=
15,138,NmhoRtryPVBl80g9LU4vFPF29SQ=,4mlOhLYd+M/2UJ8E7XzE/Ja9W68=
11,138,NmhoRtryPVBl80g9LU4vFPF29SQ=,4mlOhLYd+M/2UJ8E7XzE/Ja9W68=
12,138,NmhoRtryPVBl80g9LU4vFPF29SQ=,4mlOhLYd+M/2UJ8E7XzE/Ja9W68=
10,138,NmhoRtryPVBl80g9LU4vFPF29SQ=,4mlOhLYd+M/2UJ8E7XzE/Ja9W68=
12,128,NmhoRtryPVBl80g9LU4vFPF29SQ=,4mlOhLYd+M/2UJ8E7XzE/Ja9W68=
9,138,NmhoRtryPVBl80g9LU4vFPF29SQ=,4mlOhLYd+M/2UJ8E7XzE/Ja9W68=
8,130,NmhoRtryPVBl80g9LU4vFPF29SQ=,4mlOhLYd+M/2UJ8E7XzE/Ja9W68=
8,138,NmhoRtryPVBl80g9LU4vFPF29SQ=,4mlOhLYd+M/2UJ8E7XzE/Ja9W68=
7,138,NmhoRtryPVBl80g9LU4vFPF29SQ=,4mlOhLYd+M/2UJ8E7XzE/Ja9W68=
6,138,NmhoRtryPVBl80g9LU4vFPF29SQ=,4mlOhLYd+M/2UJ8E7XzE/Ja9W68=
4,138,NmhoRtryPVBl80g9LU4vFPF29SQ=,4mlOhLYd+M/2UJ8E7XzE/Ja9W68=
3,138,NmhoRtryPVBl80g9LU4vFPF29SQ=,4mlOhLYd+M/2UJ8E7XzE/Ja9W68=
2,138,NmhoRtryPVBl80g9LU4vFPF29SQ=,4mlOhLYd+M/2UJ8E7XzE/Ja9W68=
5,138,NmhoRtryPVBl80g9LU4vFPF29SQ=,4mlOhLYd+M/2UJ8E7XzE/Ja9W68=
10,130,NmhoRtryPVBl80g9LU4vFPF29SQ=,4mlOhLYd+M/2UJ8E7XzE/Ja9W68=
1,138,NmhoRtryPVBl80g9LU4vFPF29SQ=,4mlOhLYd+M/2UJ8E7XzE/Ja9W68=
0,138,NmhoRtryPVBl80g9LU4vFPF29SQ=,4mlOhLYd+M/2UJ8E7XzE/Ja9W68=
15,137,NmhoRtryPVBl80g9LU4vFPF29SQ=,4mlOhLYd+M/2UJ8E7XzE/Ja9W68=
13,137,NmhoRtryPVBl80g9LU4vFPF29SQ=,4mlOhLYd+M/2UJ8E7XzE/Ja9W68=
12,137,NmhoRtryPVBl80g9LU4vFPF29SQ=,4mlOhLYd+M/2UJ8E7XzE/Ja9W68=
11,137,NmhoRtryPVBl80g9LU4vFPF29SQ=,4mlOhLYd+M/2UJ8E7XzE/Ja9W68=
10,137,NmhoRtryPVBl80g9LU4vFPF29SQ=,4mlOhLYd+M/2UJ8E7XzE/Ja9W68=
9,137,NmhoRtryPVBl80g9LU4vFPF29SQ=,4mlOhLYd+M/2UJ8E7XzE/Ja9W68=
8,137,NmhoRtryPVBl80g9LU4vFPF29SQ=,4mlOhLYd+M/2UJ8E7XzE/Ja9W68=
7,137,NmhoRtryPVBl80g9LU4vFPF29SQ=,4mlOhLYd+M/2UJ8E7XzE/Ja9W68=
6,137,NmhoRtryPVBl80g9LU4vFPF29SQ=,4mlOhLYd+M/2UJ8E7XzE/Ja9W68=
5,137,NmhoRtryPVBl80g9LU4vFPF29SQ=,4mlOhLYd+M/2UJ8E7XzE/Ja9W68=
4,137,NmhoRtryPVBl80g9LU4vFPF29SQ=,4mlOhLYd+M/2UJ8E7XzE/Ja9W68=
3,137,NmhoRtryPVBl80g9LU4vFPF29SQ=,4mlOhLYd+M/2UJ8E7XzE/Ja9W68=
2,137,NmhoRtryPVBl80g9LU4vFPF29SQ=,4mlOhLYd+M/2UJ8E7XzE/Ja9W68=
1,137,NmhoRtryPVBl80g9LU4vFPF29SQ=,4mlOhLYd+M/2UJ8E7XzE/Ja9W68=
0,137,NmhoRtryPVBl80g9LU4vFPF29SQ=,4mlOhLYd+M/2UJ8E7XzE/Ja9W68=
4,131,NmhoRtryPVBl80g9LU4vFPF29SQ=,4mlOhLYd+M/2UJ8E7XzE/Ja9W68=
15,136,NmhoRtryPVBl80g9LU4vFPF29SQ=,4mlOhLYd+M/2UJ8E7XzE/Ja9W68=
5,131,NmhoRtryPVBl80g9LU4vFPF29SQ=,4mlOhLYd+M/2UJ8E7XzE/Ja9W68=
14,136,NmhoRtryPVBl80g9LU4vFPF29SQ=,4mlOhLYd+M/2UJ8E7XzE/Ja9W68=
13,136,NmhoRtryPVBl80g9LU4vFPF29SQ=,4mlOhLYd+M/2UJ8E7XzE/Ja9W68=
12,136,NmhoRtryPVBl80g9LU4vFPF29SQ=,4mlOhLYd+M/2UJ8E7XzE/Ja9W68=
10,136,NmhoRtryPVBl80g9LU4vFPF29SQ=,4mlOhLYd+M/2UJ8E7XzE/Ja9W68=
9,136,NmhoRtryPVBl80g9LU4vFPF29SQ=,4mlOhLYd+M/2UJ8E7XzE/Ja9W68=
11,136,NmhoRtryPVBl80g9LU4vFPF29SQ=,4mlOhLYd+M/2UJ8E7XzE/Ja9W68=
10,128,NmhoRtryPVBl80g9LU4vFPF29SQ=,4mlOhLYd+M/2UJ8E7XzE/Ja9W68=
8,136,NmhoRtryPVBl80g9LU4vFPF29SQ=,4mlOhLYd+M/2UJ8E7XzE/Ja9W68=
7,136,NmhoRtryPVBl80g9LU4vFPF29SQ=,4mlOhLYd+M/2UJ8E7XzE/Ja9W68=
6,136,NmhoRtryPVBl80g9LU4vFPF29SQ=,4mlOhLYd+M/2UJ8E7XzE/Ja9W68=
5,136,NmhoRtryPVBl80g9LU4vFPF29SQ=,4mlOhLYd+M/2UJ8E7XzE/Ja9W68=
4,136,NmhoRtryPVBl80g9LU4vFPF29SQ=,4mlOhLYd+M/2UJ8E7XzE/Ja9W68=
3,136,NmhoRtryPVBl80g9LU4vFPF29SQ=,4mlOhLYd+M/2UJ8E7XzE/Ja9W68=
2,136,NmhoRtryPVBl80g9LU4vFPF29SQ=,4mlOhLYd+M/2UJ8E7XzE/Ja9W68=
1,136,NmhoRtryPVBl80g9LU4vFPF29SQ=,4mlOhLYd+M/2UJ8E7XzE/Ja9W68=
0,136,NmhoRtryPVBl80g9LU4vFPF29SQ=,4mlOhLYd+M/2UJ8E7XzE/Ja9W68=
11,128,NmhoRtryPVBl80g9LU4vFPF29SQ=,4mlOhLYd+M/2UJ8E7XzE/Ja9W68=
7,130,NmhoRtryPVBl80g9LU4vFPF29SQ=,4mlOhLYd+M/2UJ8E7XzE/Ja9W68=
13,135,NmhoRtryPVBl80g9LU4vFPF29SQ=,4mlOhLYd+M/2UJ8E7XzE/Ja9W68=
6,131,NmhoRtryPVBl80g9LU4vFPF29SQ=,4mlOhLYd+M/2UJ8E7XzE/Ja9W68=
12,135,NmhoRtryPVBl80g9LU4vFPF29SQ=,4mlOhLYd+M/2UJ8E7XzE/Ja9W68=
11,135,NmhoRtryPVBl80g9LU4vFPF29SQ=,4mlOhLYd+M/2UJ8E7XzE/Ja9W68=
7,131,NmhoRtryPVBl80g9LU4vFPF29SQ=,4mlOhLYd+M/2UJ8E7XzE/Ja9W68=
10,135,NmhoRtryPVBl80g9LU4vFPF29SQ=,4mlOhLYd+M/2UJ8E7XzE/Ja9W68=
9,135,NmhoRtryPVBl80g9LU4vFPF29SQ=,4mlOhLYd+M/2UJ8E7XzE/Ja9W68=
6,130,NmhoRtryPVBl80g9LU4vFPF29SQ=,4mlOhLYd+M/2UJ8E7XzE/Ja9W68=
7,135,NmhoRtryPVBl80g9LU4vFPF29SQ=,4mlOhLYd+M/2UJ8E7XzE/Ja9W68=
9,128,NmhoRtryPVBl80g9LU4vFPF29SQ=,4mlOhLYd+M/2UJ8E7XzE/Ja9W68=
8,131,NmhoRtryPVBl80g9LU4vFPF29SQ=,4mlOhLYd+M/2UJ8E7XzE/Ja9W68=
14,135,NmhoRtryPVBl80g9LU4vFPF29SQ=,4mlOhLYd+M/2UJ8E7XzE/Ja9W68=
6,135,NmhoRtryPVBl80g9LU4vFPF29SQ=,4mlOhLYd+M/2UJ8E7XzE/Ja9W68=
5,135,NmhoRtryPVBl80g9LU4vFPF29SQ=,4mlOhLYd+M/2UJ8E7XzE/Ja9W68=
4,135,NmhoRtryPVBl80g9LU4vFPF29SQ=,4mlOhLYd+M/2UJ8E7XzE/Ja9W68=
3,135,NmhoRtryPVBl80g9LU4vFPF29SQ=,4mlOhLYd+M/2UJ8E7XzE/Ja9W68=
2,135,NmhoRtryPVBl80g9LU4vFPF29SQ=,4mlOhLYd+M/2UJ8E7XzE/Ja9W68=
1,135,NmhoRtryPVBl80g9LU4vFPF29SQ=,4mlOhLYd+M/2UJ8E7XzE/Ja9W68=
0,135,NmhoRtryPVBl80g9LU4vFPF29SQ=,4mlOhLYd+M/2UJ8E7XzE/Ja9W68=
8,135,NmhoRtryPVBl80g9LU4vFPF29SQ=,4mlOhLYd+M/2UJ8E7XzE/Ja9W68=
14,134,NmhoRtryPVBl80g9LU4vFPF29SQ=,4mlOhLYd+M/2UJ8E7XzE/Ja9W68=
13,134,NmhoRtryPVBl80g9LU4vFPF29SQ=,4mlOhLYd+M/2UJ8E7XzE/Ja9W68=
12,134,NmhoRtryPVBl80g9LU4vFPF29SQ=,4mlOhLYd+M/2UJ8E7XzE/Ja9W68=
11,134,NmhoRtryPVBl80g9LU4vFPF29SQ=,4mlOhLYd+M/2UJ8E7XzE/Ja9W68=
5,130,NmhoRtryPVBl80g9LU4vFPF29SQ=,4mlOhLYd+M/2UJ8E7XzE/Ja9W68=
10,134,NmhoRtryPVBl80g9LU4vFPF29SQ=,4mlOhLYd+M/2UJ8E7XzE/Ja9W68=
9,134,NmhoRtryPVBl80g9LU4vFPF29SQ=,4mlOhLYd+M/2UJ8E7XzE/Ja9W68=
7,134,NmhoRtryPVBl80g9LU4vFPF29SQ=,4mlOhLYd+M/2UJ8E7XzE/Ja9W68=
8,128,NmhoRtryPVBl80g9LU4vFPF29SQ=,4mlOhLYd+M/2UJ8E7XzE/Ja9W68=
6,134,NmhoRtryPVBl80g9LU4vFPF29SQ=,4mlOhLYd+M/2UJ8E7XzE/Ja9W68=
5,134,NmhoRtryPVBl80g9LU4vFPF29SQ=,4mlOhLYd+M/2UJ8E7XzE/Ja9W68=
9,131,NmhoRtryPVBl80g9LU4vFPF29SQ=,4mlOhLYd+M/2UJ8E7XzE/Ja9W68=
4,134,NmhoRtryPVBl80g9LU4vFPF29SQ=,4mlOhLYd+M/2UJ8E7XzE/Ja9W68=
10,131,NmhoRtryPVBl80g9LU4vFPF29SQ=,4mlOhLYd+M/2UJ8E7XzE/Ja9W68=
3,134,NmhoRtryPVBl80g9LU4vFPF29SQ=,4mlOhLYd+M/2UJ8E7XzE/Ja9W68=
2,134,NmhoRtryPVBl80g9LU4vFPF29SQ=,4mlOhLYd+M/2UJ8E7XzE/Ja9W68=
8,134,NmhoRtryPVBl80g9LU4vFPF29SQ=,4mlOhLYd+M/2UJ8E7XzE/Ja9W68=
1,134,NmhoRtryPVBl80g9LU4vFPF29SQ=,4mlOhLYd+M/2UJ8E7XzE/Ja9W68=
0,134,NmhoRtryPVBl80g9LU4vFPF29SQ=,4mlOhLYd+M/2UJ8E7XzE/Ja9W68=
15,133,NmhoRtryPVBl80g9LU4vFPF29SQ=,4mlOhLYd+M/2UJ8E7XzE/Ja9W68=
11,131,NmhoRtryPVBl80g9LU4vFPF29SQ=,4mlOhLYd+M/2UJ8E7XzE/Ja9W68=
14,137,NmhoRtryPVBl80g9LU4vFPF29SQ=,4mlOhLYd+M/2UJ8E7XzE/Ja9W68=
13,133,NmhoRtryPVBl80g9LU4vFPF29SQ=,4mlOhLYd+M/2UJ8E7XzE/Ja9W68=
12,133,NmhoRtryPVBl80g9LU4vFPF29SQ=,4mlOhLYd+M/2UJ8E7XzE/Ja9W68=
12,131,NmhoRtryPVBl80g9LU4vFPF29SQ=,4mlOhLYd+M/2UJ8E7XzE/Ja9W68=
11,133,NmhoRtryPVBl80g9LU4vFPF29SQ=,4mlOhLYd+M/2UJ8E7XzE/Ja9W68=
15,134,NmhoRtryPVBl80g9LU4vFPF29SQ=,4mlOhLYd+M/2UJ8E7XzE/Ja9W68=
14,133,NmhoRtryPVBl80g9LU4vFPF29SQ=,4mlOhLYd+M/2UJ8E7XzE/Ja9W68=
9,133,NmhoRtryPVBl80g9LU4vFPF29SQ=,4mlOhLYd+M/2UJ8E7XzE/Ja9W68=
13,138,NmhoRtryPVBl80g9LU4vFPF29SQ=,4mlOhLYd+M/2UJ8E7XzE/Ja9W68=
15,135,NmhoRtryPVBl80g9LU4vFPF29SQ=,4mlOhLYd+M/2UJ8E7XzE/Ja9W68=
7,128,NmhoRtryPVBl80g9LU4vFPF29SQ=,4mlOhLYd+M/2UJ8E7XzE/Ja9W68=
6,133,NmhoRtryPVBl80g9LU4vFPF29SQ=,4mlOhLYd+M/2UJ8E7XzE/Ja9W68=
5,133,NmhoRtryPVBl80g9LU4vFPF29SQ=,4mlOhLYd+M/2UJ8E7XzE/Ja9W68=
3,130,NmhoRtryPVBl80g9LU4vFPF29SQ=,4mlOhLYd+M/2UJ8E7XzE/Ja9W68=
3,133,NmhoRtryPVBl80g9LU4vFPF29SQ=,4mlOhLYd+M/2UJ8E7XzE/Ja9W68=
4,133,NmhoRtryPVBl80g9LU4vFPF29SQ=,4mlOhLYd+M/2UJ8E7XzE/Ja9W68=
2,133,NmhoRtryPVBl80g9LU4vFPF29SQ=,4mlOhLYd+M/2UJ8E7XzE/Ja9W68=
1,133,NmhoRtryPVBl80g9LU4vFPF29SQ=,4mlOhLYd+M/2UJ8E7XzE/Ja9W68=
0,133,NmhoRtryPVBl80g9LU4vFPF29SQ=,4mlOhLYd+M/2UJ8E7XzE/Ja9W68=
15,132,NmhoRtryPVBl80g9LU4vFPF29SQ=,4mlOhLYd+M/2UJ8E7XzE/Ja9W68=
0,128,NmhoRtryPVBl80g9LU4vFPF29SQ=,4mlOhLYd+M/2UJ8E7XzE/Ja9W68=
8,133,NmhoRtryPVBl80g9LU4vFPF29SQ=,4mlOhLYd+M/2UJ8E7XzE/Ja9W68=
13,132,NmhoRtryPVBl80g9LU4vFPF29SQ=,4mlOhLYd+M/2UJ8E7XzE/Ja9W68=
10,133,NmhoRtryPVBl80g9LU4vFPF29SQ=,4mlOhLYd+M/2UJ8E7XzE/Ja9W68=
10,132,NmhoRtryPVBl80g9LU4vFPF29SQ=,4mlOhLYd+M/2UJ8E7XzE/Ja9W68=
7,133,NmhoRtryPVBl80g9LU4vFPF29SQ=,4mlOhLYd+M/2UJ8E7XzE/Ja9W68=
13,131,NmhoRtryPVBl80g9LU4vFPF29SQ=,4mlOhLYd+M/2UJ8E7XzE/Ja9W68=
14,131,NmhoRtryPVBl80g9LU4vFPF29SQ=,4mlOhLYd+M/2UJ8E7XzE/Ja9W68=
15,131,NmhoRtryPVBl80g9LU4vFPF29SQ=,4mlOhLYd+M/2UJ8E7XzE/Ja9W68=
0,132,NmhoRtryPVBl80g9LU4vFPF29SQ=,4mlOhLYd+M/2UJ8E7XzE/Ja9W68=
1,130,NmhoRtryPVBl80g9LU4vFPF29SQ=,4mlOhLYd+M/2UJ8E7XzE/Ja9W68=
1,132,NmhoRtryPVBl80g9LU4vFPF29SQ=,4mlOhLYd+M/2UJ8E7XzE/Ja9W68=
2,132,NmhoRtryPVBl80g9LU4vFPF29SQ=,4mlOhLYd+M/2UJ8E7XzE/Ja9W68=
3,132,NmhoRtryPVBl80g9LU4vFPF29SQ=,4mlOhLYd+M/2UJ8E7XzE/Ja9W68=
2,130,NmhoRtryPVBl80g9LU4vFPF29SQ=,4mlOhLYd+M/2UJ8E7XzE/Ja9W68=
6,128,NmhoRtryPVBl80g9LU4vFPF29SQ=,4mlOhLYd+M/2UJ8E7XzE/Ja9W68=
7,132,NmhoRtryPVBl80g9LU4vFPF29SQ=,4mlOhLYd+M/2UJ8E7XzE/Ja9W68=
6,132,NmhoRtryPVBl80g9LU4vFPF29SQ=,4mlOhLYd+M/2UJ8E7XzE/Ja9W68=
5,132,NmhoRtryPVBl80g9LU4vFPF29SQ=,4mlOhLYd+M/2UJ8E7XzE/Ja9W68=
14,132,NmhoRtryPVBl80g9LU4vFPF29SQ=,4mlOhLYd+M/2UJ8E7XzE/Ja9W68=
4,132,NmhoRtryPVBl80g9LU4vFPF29SQ=,4mlOhLYd+M/2UJ8E7XzE/Ja9W68=
9,132,NmhoRtryPVBl80g9LU4vFPF29SQ=,4mlOhLYd+M/2UJ8E7XzE/Ja9W68=
8,132,NmhoRtryPVBl80g9LU4vFPF29SQ=,4mlOhLYd+M/2UJ8E7XzE/Ja9W68=
12,132,NmhoRtryPVBl80g9LU4vFPF29SQ=,4mlOhLYd+M/2UJ8E7XzE/Ja9W68=
11,132,NmhoRtryPVBl80g9LU4vFPF29SQ=,4mlOhLYd+M/2UJ8E7XzE/Ja9W68=
5,128,NmhoRtryPVBl80g9LU4vFPF29SQ=,4mlOhLYd+M/2UJ8E7XzE/Ja9W68=
4,130,NmhoRtryPVBl80g9LU4vFPF29SQ=,4mlOhLYd+M/2UJ8E7XzE/Ja9W68=
28,147,K0G74LkVfJGeZTAcEIeqeSOAzmo=,zgtgSfP3CpKdudFtTIuiEzDLaEY=
19,144,K0G74LkVfJGeZTAcEIeqeSOAzmo=,zgtgSfP3CpKdudFtTIuiEzDLaEY=
31,159,K0G74LkVfJGeZTAcEIeqeSOAzmo=,zgtgSfP3CpKdudFtTIuiEzDLaEY=
27,146,K0G74LkVfJGeZTAcEIeqeSOAzmo=,zgtgSfP3CpKdudFtTIuiEzDLaEY=
24,146,K0G74LkVfJGeZTAcEIeqeSOAzmo=,zgtgSfP3CpKdudFtTIuiEzDLaEY=
23,146,K0G74LkVfJGeZTAcEIeqeSOAzmo=,zgtgSfP3CpKdudFtTIuiEzDLaEY=
25,146,K0G74LkVfJGeZTAcEIeqeSOAzmo=,zgtgSfP3CpKdudFtTIuiEzDLaEY=
22,146,K0G74LkVfJGeZTAcEIeqeSOAzmo=,zgtgSfP3CpKdudFtTIuiEzDLaEY=
21,146,K0G74LkVfJGeZTAcEIeqeSOAzmo=,zgtgSfP3CpKdudFtTIuiEzDLaEY=
26,146,K0G74LkVfJGeZTAcEIeqeSOAzmo=,zgtgSfP3CpKdudFtTIuiEzDLaEY=
19,146,K0G74LkVfJGeZTAcEIeqeSOAzmo=,zgtgSfP3CpKdudFtTIuiEzDLaEY=
20,146,K0G74LkVfJGeZTAcEIeqeSOAzmo=,zgtgSfP3CpKdudFtTIuiEzDLaEY=
17,146,K0G74LkVfJGeZTAcEIeqeSOAzmo=,zgtgSfP3CpKdudFtTIuiEzDLaEY=
27,147,K0G74LkVfJGeZTAcEIeqeSOAzmo=,zgtgSfP3CpKdudFtTIuiEzDLaEY=
30,159,K0G74LkVfJGeZTAcEIeqeSOAzmo=,zgtgSfP3CpKdudFtTIuiEzDLaEY=
29,159,K0G74LkVfJGeZTAcEIeqeSOAzmo=,zgtgSfP3CpKdudFtTIuiEzDLaEY=
16,146,K0G74LkVfJGeZTAcEIeqeSOAzmo=,zgtgSfP3CpKdudFtTIuiEzDLaEY=
18,146,K0G74LkVfJGeZTAcEIeqeSOAzmo=,zgtgSfP3CpKdudFtTIuiEzDLaEY=
28,159,K0G74LkVfJGeZTAcEIeqeSOAzmo=,zgtgSfP3CpKdudFtTIuiEzDLaEY=
27,159,K0G74LkVfJGeZTAcEIeqeSOAzmo=,zgtgSfP3CpKdudFtTIuiEzDLaEY=
26,159,K0G74LkVfJGeZTAcEIeqeSOAzmo=,zgtgSfP3CpKdudFtTIuiEzDLaEY=
25,159,K0G74LkVfJGeZTAcEIeqeSOAzmo=,zgtgSfP3CpKdudFtTIuiEzDLaEY=
24,159,K0G74LkVfJGeZTAcEIeqeSOAzmo=,zgtgSfP3CpKdudFtTIuiEzDLaEY=
21,159,K0G74LkVfJGeZTAcEIeqeSOAzmo=,zgtgSfP3CpKdudFtTIuiEzDLaEY=
22,159,K0G74LkVfJGeZTAcEIeqeSOAzmo=,zgtgSfP3CpKdudFtTIuiEzDLaEY=
20,159,K0G74LkVfJGeZTAcEIeqeSOAzmo=,zgtgSfP3CpKdudFtTIuiEzDLaEY=
19,159,K0G74LkVfJGeZTAcEIeqeSOAzmo=,zgtgSfP3CpKdudFtTIuiEzDLaEY=
23,159,K0G74LkVfJGeZTAcEIeqeSOAzmo=,zgtgSfP3CpKdudFtTIuiEzDLaEY=
18,144,K0G74LkVfJGeZTAcEIeqeSOAzmo=,zgtgSfP3CpKdudFtTIuiEzDLaEY=
18,159,K0G74LkVfJGeZTAcEIeqeSOAzmo=,zgtgSfP3CpKdudFtTIuiEzDLaEY=
26,147,K0G74LkVfJGeZTAcEIeqeSOAzmo=,zgtgSfP3CpKdudFtTIuiEzDLaEY=
17,159,K0G74LkVfJGeZTAcEIeqeSOAzmo=,zgtgSfP3CpKdudFtTIuiEzDLaEY=
16,159,K0G74LkVfJGeZTAcEIeqeSOAzmo=,zgtgSfP3CpKdudFtTIuiEzDLaEY=
30,158,K0G74LkVfJGeZTAcEIeqeSOAzmo=,zgtgSfP3CpKdudFtTIuiEzDLaEY=
31,158,K0G74LkVfJGeZTAcEIeqeSOAzmo=,zgtgSfP3CpKdudFtTIuiEzDLaEY=
28,158,K0G74LkVfJGeZTAcEIeqeSOAzmo=,zgtgSfP3CpKdudFtTIuiEzDLaEY=
27,158,K0G74LkVfJGeZTAcEIeqeSOAzmo=,zgtgSfP3CpKdudFtTIuiEzDLaEY=
29,158,K0G74LkVfJGeZTAcEIeqeSOAzmo=,zgtgSfP3CpKdudFtTIuiEzDLaEY=
26,158,K0G74LkVfJGeZTAcEIeqeSOAzmo=,zgtgSfP3CpKdudFtTIuiEzDLaEY=
25,158,K0G74LkVfJGeZTAcEIeqeSOAzmo=,zgtgSfP3CpKdudFtTIuiEzDLaEY=
24,158,K0G74LkVfJGeZTAcEIeqeSOAzmo=,zgtgSfP3CpKdudFtTIuiEzDLaEY=
23,158,K0G74LkVfJGeZTAcEIeqeSOAzmo=,zgtgSfP3CpKdudFtTIuiEzDLaEY=
22,158,K0G74LkVfJGeZTAcEIeqeSOAzmo=,zgtgSfP3CpKdudFtTIuiEzDLaEY=
21,158,K0G74LkVfJGeZTAcEIeqeSOAzmo=,zgtgSfP3CpKdudFtTIuiEzDLaEY=
18,158,K0G74LkVfJGeZTAcEIeqeSOAzmo=,zgtgSfP3CpKdudFtTIuiEzDLaEY=
19,158,K0G74LkVfJGeZTAcEIeqeSOAzmo=,zgtgSfP3CpKdudFtTIuiEzDLaEY=
17,145,K0G74LkVfJGeZTAcEIeqeSOAzmo=,zgtgSfP3CpKdudFtTIuiEzDLaEY=
25,147,K0G74LkVfJGeZTAcEIeqeSOAzmo=,zgtgSfP3CpKdudFtTIuiEzDLaEY=
17,158,K0G74LkVfJGeZTAcEIeqeSOAzmo=,zgtgSfP3CpKdudFtTIuiEzDLaEY=
16,145,K0G74LkVfJGeZTAcEIeqeSOAzmo=,zgtgSfP3CpKdudFtTIuiEzDLaEY=
20,158,K0G74LkVfJGeZTAcEIeqeSOAzmo=,zgtgSfP3CpKdudFtTIuiEzDLaEY=
16,158,K0G74LkVfJGeZTAcEIeqeSOAzmo=,zgtgSfP3CpKdudFtTIuiEzDLaEY=
17,144,K0G74LkVfJGeZTAcEIeqeSOAzmo=,zgtgSfP3CpKdudFtTIuiEzDLaEY=
29,157,K0G74LkVfJGeZTAcEIeqeSOAzmo=,zgtgSfP3CpKdudFtTIuiEzDLaEY=
31,157,K0G74LkVfJGeZTAcEIeqeSOAzmo=,zgtgSfP3CpKdudFtTIuiEzDLaEY=
30,157,K0G74LkVfJGeZTAcEIeqeSOAzmo=,zgtgSfP3CpKdudFtTIuiEzDLaEY=
28,157,K0G74LkVfJGeZTAcEIeqeSOAzmo=,zgtgSfP3CpKdudFtTIuiEzDLaEY=
27,157,K0G74LkVfJGeZTAcEIeqeSOAzmo=,zgtgSfP3CpKdudFtTIuiEzDLaEY=
25,157,K0G74LkVfJGeZTAcEIeqeSOAzmo=,zgtgSfP3CpKdudFtTIuiEzDLaEY=
24,157,K0G74LkVfJGeZTAcEIeqeSOAzmo=,zgtgSfP3CpKdudFtTIuiEzDLaEY=
26,157,K0G74LkVfJGeZTAcEIeqeSOAzmo=,zgtgSfP3CpKdudFtTIuiEzDLaEY=
23,157,K0G74LkVfJGeZTAcEIeqeSOAzmo=,zgtgSfP3CpKdudFtTIuiEzDLaEY=
22,157,K0G74LkVfJGeZTAcEIeqeSOAzmo=,zgtgSfP3CpKdudFtTIuiEzDLaEY=
21,157,K0G74LkVfJGeZTAcEIeqeSOAzmo=,zgtgSfP3CpKdudFtTIuiEzDLaEY=
20,157,K0G74LkVfJGeZTAcEIeqeSOAzmo=,zgtgSfP3CpKdudFtTIuiEzDLaEY=
19,157,K0G74LkVfJGeZTAcEIeqeSOAzmo=,zgtgSfP3CpKdudFtTIuiEzDLaEY=
24,147,K0G74LkVfJGeZTAcEIeqeSOAzmo=,zgtgSfP3CpKdudFtTIuiEzDLaEY=
18,157,K0G74LkVfJGeZTAcEIeqeSOAzmo=,zgtgSfP3CpKdudFtTIuiEzDLaEY=
17,157,K0G74LkVfJGeZTAcEIeqeSOAzmo=,zgtgSfP3CpKdudFtTIuiEzDLaEY=
31,145,K0G74LkVfJGeZTAcEIeqeSOAzmo=,zgtgSfP3CpKdudFtTIuiEzDLaEY=
16,157,K0G74LkVfJGeZTAcEIeqeSOAzmo=,zgtgSfP3CpKdudFtTIuiEzDLaEY=
31,156,K0G74LkVfJGeZTAcEIeqeSOAzmo=,zgtgSfP3CpKdudFtTIuiEzDLaEY=
30,156,K0G74LkVfJGeZTAcEIeqeSOAzmo=,zgtgSfP3CpKdudFtTIuiEzDLaEY=
29,156,K0G74LkVfJGeZTAcEIeqeSOAzmo=,zgtgSfP3CpKdudFtTIuiEzDLaEY=
28,156,K0G74LkVfJGeZTAcEIeqeSOAzmo=,zgtgSfP3CpKdudFtTIuiEzDLaEY=
27,156,K0G74LkVfJGeZTAcEIeqeSOAzmo=,zgtgSfP3CpKdudFtTIuiEzDLaEY=
26,156,K0G74LkVfJGeZTAcEIeqeSOAzmo=,zgtgSfP3CpKdudFtTIuiEzDLaEY=
25,156,K0G74LkVfJGeZTAcEIeqeSOAzmo=,zgtgSfP3CpKdudFtTIuiEzDLaEY=
24,156,K0G74LkVfJGeZTAcEIeqeSOAzmo=,zgtgSfP3CpKdudFtTIuiEzDLaEY=
23,156,K0G74LkVfJGeZTAcEIeqeSOAzmo=,zgtgSfP3CpKdudFtTIuiEzDLaEY=
22,156,K0G74LkVfJGeZTAcEIeqeSOAzmo=,zgtgSfP3CpKdudFtTIuiEzDLaEY=
21,156,K0G74LkVfJGeZTAcEIeqeSOAzmo=,zgtgSfP3CpKdudFtTIuiEzDLaEY=
20,156,K0G74LkVfJGeZTAcEIeqeSOAzmo=,zgtgSfP3CpKdudFtTIuiEzDLaEY=
28,146,K0G74LkVfJGeZTAcEIeqeSOAzmo=,zgtgSfP3CpKdudFtTIuiEzDLaEY=
23,147,K0G74LkVfJGeZTAcEIeqeSOAzmo=,zgtgSfP3CpKdudFtTIuiEzDLaEY=
19,156,K0G74LkVfJGeZTAcEIeqeSOAzmo=,zgtgSfP3CpKdudFtTIuiEzDLaEY=
18,156,K0G74LkVfJGeZTAcEIeqeSOAzmo=,zgtgSfP3CpKdudFtTIuiEzDLaEY=
17,156,K0G74LkVfJGeZTAcEIeqeSOAzmo=,zgtgSfP3CpKdudFtTIuiEzDLaEY=
27,145,K0G74LkVfJGeZTAcEIeqeSOAzmo=,zgtgSfP3CpKdudFtTIuiEzDLaEY=
16,156,K0G74LkVfJGeZTAcEIeqeSOAzmo=,zgtgSfP3CpKdudFtTIuiEzDLaEY=
31,155,K0G74LkVfJGeZTAcEIeqeSOAzmo=,zgtgSfP3CpKdudFtTIuiEzDLaEY=
30,155,K0G74LkVfJGeZTAcEIeqeSOAzmo=,zgtgSfP3CpKdudFtTIuiEzDLaEY=
29,155,K0G74LkVfJGeZTAcEIeqeSOAzmo=,zgtgSfP3CpKdudFtTIuiEzDLaEY=
28,155,K0G74LkVfJGeZTAcEIeqeSOAzmo=,zgtgSfP3CpKdudFtTIuiEzDLaEY=
27,155,K0G74LkVfJGeZTAcEIeqeSOAzmo=,zgtgSfP3CpKdudFtTIuiEzDLaEY=
26,155,K0G74LkVfJGeZTAcEIeqeSOAzmo=,zgtgSfP3CpKdudFtTIuiEzDLaEY=
25,155,K0G74LkVfJGeZTAcEIeqeSOAzmo=,zgtgSfP3CpKdudFtTIuiEzDLaEY=
24,155,K0G74LkVfJGeZTAcEIeqeSOAzmo=,zgtgSfP3CpKdudFtTIuiEzDLaEY=
23,155,K0G74LkVfJGeZTAcEIeqeSOAzmo=,zgtgSfP3CpKdudFtTIuiEzDLaEY=
22,155,K0G74LkVfJGeZTAcEIeqeSOAzmo=,zgtgSfP3CpKdudFtTIuiEzDLaEY=
29,146,K0G74LkVfJGeZTAcEIeqeSOAzmo=,zgtgSfP3CpKdudFtTIuiEzDLaEY=
21,155,K0G74LkVfJGeZTAcEIeqeSOAzmo=,zgtgSfP3CpKdudFtTIuiEzDLaEY=
28,145,K0G74LkVfJGeZTAcEIeqeSOAzmo=,zgtgSfP3CpKdudFtTIuiEzDLaEY=
22,147,K0G74LkVfJGeZTAcEIeqeSOAzmo=,zgtgSfP3CpKdudFtTIuiEzDLaEY=
20,155,K0G74LkVfJGeZTAcEIeqeSOAzmo=,zgtgSfP3CpKdudFtTIuiEzDLaEY=
19,155,K0G74LkVfJGeZTAcEIeqeSOAzmo=,zgtgSfP3CpKdudFtTIuiEzDLaEY=
18,155,K0G74LkVfJGeZTAcEIeqeSOAzmo=,zgtgSfP3CpKdudFtTIuiEzDLaEY=
17,155,K0G74LkVfJGeZTAcEIeqeSOAzmo=,zgtgSfP3CpKdudFtTIuiEzDLaEY=
26,145,K0G74LkVfJGeZTAcEIeqeSOAzmo=,zgtgSfP3CpKdudFtTIuiEzDLaEY=
16,155,K0G74LkVfJGeZTAcEIeqeSOAzmo=,zgtgSfP3CpKdudFtTIuiEzDLaEY=
30,154,K0G74LkVfJGeZTAcEIeqeSOAzmo=,zgtgSfP3CpKdudFtTIuiEzDLaEY=
31,154,K0G74LkVfJGeZTAcEIeqeSOAzmo=,zgtgSfP3CpKdudFtTIuiEzDLaEY=
29,154,K0G74LkVfJGeZTAcEIeqeSOAzmo=,zgtgSfP3CpKdudFtTIuiEzDLaEY=
28,154,K0G74LkVfJGeZTAcEIeqeSOAzmo=,zgtgSfP3CpKdudFtTIuiEzDLaEY=
27,154,K0G74LkVfJGeZTAcEIeqeSOAzmo=,zgtgSfP3CpKdudFtTIuiEzDLaEY=
26,154,K0G74LkVfJGeZTAcEIeqeSOAzmo=,zgtgSfP3CpKdudFtTIuiEzDLaEY=
25,154,K0G74LkVfJGeZTAcEIeqeSOAzmo=,zgtgSfP3CpKdudFtTIuiEzDLaEY=
24,154,K0G74LkVfJGeZTAcEIeqeSOAzmo=,zgtgSfP3CpKdudFtTIuiEzDLaEY=
23,154,K0G74LkVfJGeZTAcEIeqeSOAzmo=,zgtgSfP3CpKdudFtTIuiEzDLaEY=
22,154,K0G74LkVfJGeZTAcEIeqeSOAzmo=,zgtgSfP3CpKdudFtTIuiEzDLaEY=
21,147,K0G74LkVfJGeZTAcEIeqeSOAzmo=,zgtgSfP3CpKdudFtTIuiEzDLaEY=
21,154,K0G74LkVfJGeZTAcEIeqeSOAzmo=,zgtgSfP3CpKdudFtTIuiEzDLaEY=
20,154,K0G74LkVfJGeZTAcEIeqeSOAzmo=,zgtgSfP3CpKdudFtTIuiEzDLaEY=
19,154,K0G74LkVfJGeZTAcEIeqeSOAzmo=,zgtgSfP3CpKdudFtTIuiEzDLaEY=
17,154,K0G74LkVfJGeZTAcEIeqeSOAzmo=,zgtgSfP3CpKdudFtTIuiEzDLaEY=
25,145,K0G74LkVfJGeZTAcEIeqeSOAzmo=,zgtgSfP3CpKdudFtTIuiEzDLaEY=
16,154,K0G74LkVfJGeZTAcEIeqeSOAzmo=,zgtgSfP3CpKdudFtTIuiEzDLaEY=
31,153,K0G74LkVfJGeZTAcEIeqeSOAzmo=,zgtgSfP3CpKdudFtTIuiEzDLaEY=
30,153,K0G74LkVfJGeZTAcEIeqeSOAzmo=,zgtgSfP3CpKdudFtTIuiEzDLaEY=
29,153,K0G74LkVfJGeZTAcEIeqeSOAzmo=,zgtgSfP3CpKdudFtTIuiEzDLaEY=
18,154,K0G74LkVfJGeZTAcEIeqeSOAzmo=,zgtgSfP3CpKdudFtTIuiEzDLaEY=
28,153,K0G74LkVfJGeZTAcEIeqeSOAzmo=,zgtgSfP3CpKdudFtTIuiEzDLaEY=
26,153,K0G74LkVfJGeZTAcEIeqeSOAzmo=,zgtgSfP3CpKdudFtTIuiEzDLaEY=
27,153,K0G74LkVfJGeZTAcEIeqeSOAzmo=,zgtgSfP3CpKdudFtTIuiEzDLaEY=
25,153,K0G74LkVfJGeZTAcEIeqeSOAzmo=,zgtgSfP3CpKdudFtTIuiEzDLaEY=
24,153,K0G74LkVfJGeZTAcEIeqeSOAzmo=,zgtgSfP3CpKdudFtTIuiEzDLaEY=
23,153,K0G74LkVfJGeZTAcEIeqeSOAzmo=,zgtgSfP3CpKdudFtTIuiEzDLaEY=
31,144,K0G74LkVfJGeZTAcEIeqeSOAzmo=,zgtgSfP3CpKdudFtTIuiEzDLaEY=
20,147,K0G74LkVfJGeZTAcEIeqeSOAzmo=,zgtgSfP3CpKdudFtTIuiEzDLaEY=
22,153,K0G74LkVfJGeZTAcEIeqeSOAzmo=,zgtgSfP3CpKdudFtTIuiEzDLaEY=
21,153,K0G74LkVfJGeZTAcEIeqeSOAzmo=,zgtgSfP3CpKdudFtTIuiEzDLaEY=
20,153,K0G74LkVfJGeZTAcEIeqeSOAzmo=,zgtgSfP3CpKdudFtTIuiEzDLaEY=
19,153,K0G74LkVfJGeZTAcEIeqeSOAzmo=,zgtgSfP3CpKdudFtTIuiEzDLaEY=
18,153,K0G74LkVfJGeZTAcEIeqeSOAzmo=,zgtgSfP3CpKdudFtTIuiEzDLaEY=
17,153,K0G74LkVfJGeZTAcEIeqeSOAzmo=,zgtgSfP3CpKdudFtTIuiEzDLaEY=
24,145,K0G74LkVfJGeZTAcEIeqeSOAzmo=,zgtgSfP3CpKdudFtTIuiEzDLaEY=
16,153,K0G74LkVfJGeZTAcEIeqeSOAzmo=,zgtgSfP3CpKdudFtTIuiEzDLaEY=
31,152,K0G74LkVfJGeZTAcEIeqeSOAzmo=,zgtgSfP3CpKdudFtTIuiEzDLaEY=
30,152,K0G74LkVfJGeZTAcEIeqeSOAzmo=,zgtgSfP3CpKdudFtTIuiEzDLaEY=
29,152,K0G74LkVfJGeZTAcEIeqeSOAzmo=,zgtgSfP3CpKdudFtTIuiEzDLaEY=
28,152,K0G74LkVfJGeZTAcEIeqeSOAzmo=,zgtgSfP3CpKdudFtTIuiEzDLaEY=
27,152,K0G74LkVfJGeZTAcEIeqeSOAzmo=,zgtgSfP3CpKdudFtTIuiEzDLaEY=
26,152,K0G74LkVfJGeZTAcEIeqeSOAzmo=,zgtgSfP3CpKdudFtTIuiEzDLaEY=
25,152,K0G74LkVfJGeZTAcEIeqeSOAzmo=,zgtgSfP3CpKdudFtTIuiEzDLaEY=
24,152,K0G74LkVfJGeZTAcEIeqeSOAzmo=,zgtgSfP3CpKdudFtTIuiEzDLaEY=
29,144,K0G74LkVfJGeZTAcEIeqeSOAzmo=,zgtgSfP3CpKdudFtTIuiEzDLaEY=
19,147,K0G74LkVfJGeZTAcEIeqeSOAzmo=,zgtgSfP3CpKdudFtTIuiEzDLaEY=
28,144,K0G74LkVfJGeZTAcEIeqeSOAzmo=,zgtgSfP3CpKdudFtTIuiEzDLaEY=
23,152,K0G74LkVfJGeZTAcEIeqeSOAzmo=,zgtgSfP3CpKdudFtTIuiEzDLaEY=
22,152,K0G74LkVfJGeZTAcEIeqeSOAzmo=,zgtgSfP3CpKdudFtTIuiEzDLaEY=
21,152,K0G74LkVfJGeZTAcEIeqeSOAzmo=,zgtgSfP3CpKdudFtTIuiEzDLaEY=
19,152,K0G74LkVfJGeZTAcEIeqeSOAzmo=,zgtgSfP3CpKdudFtTIuiEzDLaEY=
20,152,K0G74LkVfJGeZTAcEIeqeSOAzmo=,zgtgSfP3CpKdudFtTIuiEzDLaEY=
17,152,K0G74LkVfJGeZTAcEIeqeSOAzmo=,zgtgSfP3CpKdudFtTIuiEzDLaEY=
18,152,K0G74LkVfJGeZTAcEIeqeSOAzmo=,zgtgSfP3CpKdudFtTIuiEzDLaEY=
16,152,K0G74LkVfJGeZTAcEIeqeSOAzmo=,zgtgSfP3CpKdudFtTIuiEzDLaEY=
23,145,K0G74LkVfJGeZTAcEIeqeSOAzmo=,zgtgSfP3CpKdudFtTIuiEzDLaEY=
31,151,K0G74LkVfJGeZTAcEIeqeSOAzmo=,zgtgSfP3CpKdudFtTIuiEzDLaEY=
30,151,K0G74LkVfJGeZTAcEIeqeSOAzmo=,zgtgSfP3CpKdudFtTIuiEzDLaEY=
29,151,K0G74LkVfJGeZTAcEIeqeSOAzmo=,zgtgSfP3CpKdudFtTIuiEzDLaEY=
28,151,K0G74LkVfJGeZTAcEIeqeSOAzmo=,zgtgSfP3CpKdudFtTIuiEzDLaEY=
26,151,K0G74LkVfJGeZTAcEIeqeSOAzmo=,zgtgSfP3CpKdudFtTIuiEzDLaEY=
27,151,K0G74LkVfJGeZTAcEIeqeSOAzmo=,zgtgSfP3CpKdudFtTIuiEzDLaEY=
25,151,K0G74LkVfJGeZTAcEIeqeSOAzmo=,zgtgSfP3CpKdudFtTIuiEzDLaEY=
25,144,K0G74LkVfJGeZTAcEIeqeSOAzmo=,zgtgSfP3CpKdudFtTIuiEzDLaEY=
18,147,K0G74LkVfJGeZTAcEIeqeSOAzmo=,zgtgSfP3CpKdudFtTIuiEzDLaEY=
24,151,K0G74LkVfJGeZTAcEIeqeSOAzmo=,zgtgSfP3CpKdudFtTIuiEzDLaEY=
23,151,K0G74LkVfJGeZTAcEIeqeSOAzmo=,zgtgSfP3CpKdudFtTIuiEzDLaEY=
22,151,K0G74LkVfJGeZTAcEIeqeSOAzmo=,zgtgSfP3CpKdudFtTIuiEzDLaEY=
21,151,K0G74LkVfJGeZTAcEIeqeSOAzmo=,zgtgSfP3CpKdudFtTIuiEzDLaEY=
20,151,K0G74LkVfJGeZTAcEIeqeSOAzmo=,zgtgSfP3CpKdudFtTIuiEzDLaEY=
19,151,K0G74LkVfJGeZTAcEIeqeSOAzmo=,zgtgSfP3CpKdudFtTIuiEzDLaEY=
18,151,K0G74LkVfJGeZTAcEIeqeSOAzmo=,zgtgSfP3CpKdudFtTIuiEzDLaEY=
17,151,K0G74LkVfJGeZTAcEIeqeSOAzmo=,zgtgSfP3CpKdudFtTIuiEzDLaEY=
16,151,K0G74LkVfJGeZTAcEIeqeSOAzmo=,zgtgSfP3CpKdudFtTIuiEzDLaEY=
22,145,K0G74LkVfJGeZTAcEIeqeSOAzmo=,zgtgSfP3CpKdudFtTIuiEzDLaEY=
31,150,K0G74LkVfJGeZTAcEIeqeSOAzmo=,zgtgSfP3CpKdudFtTIuiEzDLaEY=
30,150,K0G74LkVfJGeZTAcEIeqeSOAzmo=,zgtgSfP3CpKdudFtTIuiEzDLaEY=
16,144,K0G74LkVfJGeZTAcEIeqeSOAzmo=,zgtgSfP3CpKdudFtTIuiEzDLaEY=
29,150,K0G74LkVfJGeZTAcEIeqeSOAzmo=,zgtgSfP3CpKdudFtTIuiEzDLaEY=
28,150,K0G74LkVfJGeZTAcEIeqeSOAzmo=,zgtgSfP3CpKdudFtTIuiEzDLaEY=
27,150,K0G74LkVfJGeZTAcEIeqeSOAzmo=,zgtgSfP3CpKdudFtTIuiEzDLaEY=
26,150,K0G74LkVfJGeZTAcEIeqeSOAzmo=,zgtgSfP3CpKdudFtTIuiEzDLaEY=
24,144,K0G74LkVfJGeZTAcEIeqeSOAzmo=,zgtgSfP3CpKdudFtTIuiEzDLaEY=
17,147,K0G74LkVfJGeZTAcEIeqeSOAzmo=,zgtgSfP3CpKdudFtTIuiEzDLaEY=
25,150,K0G74LkVfJGeZTAcEIeqeSOAzmo=,zgtgSfP3CpKdudFtTIuiEzDLaEY=
24,150,K0G74LkVfJGeZTAcEIeqeSOAzmo=,zgtgSfP3CpKdudFtTIuiEzDLaEY=
23,150,K0G74LkVfJGeZTAcEIeqeSOAzmo=,zgtgSfP3CpKdudFtTIuiEzDLaEY=
22,150,K0G74LkVfJGeZTAcEIeqeSOAzmo=,zgtgSfP3CpKdudFtTIuiEzDLaEY=
21,150,K0G74LkVfJGeZTAcEIeqeSOAzmo=,zgtgSfP3CpKdudFtTIuiEzDLaEY=
20,150,K0G74LkVfJGeZTAcEIeqeSOAzmo=,zgtgSfP3CpKdudFtTIuiEzDLaEY=
18,150,K0G74LkVfJGeZTAcEIeqeSOAzmo=,zgtgSfP3CpKdudFtTIuiEzDLaEY=
17,150,K0G74LkVfJGeZTAcEIeqeSOAzmo=,zgtgSfP3CpKdudFtTIuiEzDLaEY=
16,150,K0G74LkVfJGeZTAcEIeqeSOAzmo=,zgtgSfP3CpKdudFtTIuiEzDLaEY=
21,145,K0G74LkVfJGeZTAcEIeqeSOAzmo=,zgtgSfP3CpKdudFtTIuiEzDLaEY=
31,149,K0G74LkVfJGeZTAcEIeqeSOAzmo=,zgtgSfP3CpKdudFtTIuiEzDLaEY=
19,150,K0G74LkVfJGeZTAcEIeqeSOAzmo=,zgtgSfP3CpKdudFtTIuiEzDLaEY=
29,149,K0G74LkVfJGeZTAcEIeqeSOAzmo=,zgtgSfP3CpKdudFtTIuiEzDLaEY=
28,149,K0G74LkVfJGeZTAcEIeqeSOAzmo=,zgtgSfP3CpKdudFtTIuiEzDLaEY=
27,149,K0G74LkVfJGeZTAcEIeqeSOAzmo=,zgtgSfP3CpKdudFtTIuiEzDLaEY=
23,144,K0G74LkVfJGeZTAcEIeqeSOAzmo=,zgtgSfP3CpKdudFtTIuiEzDLaEY=
20,145,K0G74LkVfJGeZTAcEIeqeSOAzmo=,zgtgSfP3CpKdudFtTIuiEzDLaEY=
16,147,K0G74LkVfJGeZTAcEIeqeSOAzmo=,zgtgSfP3CpKdudFtTIuiEzDLaEY=
26,149,K0G74LkVfJGeZTAcEIeqeSOAzmo=,zgtgSfP3CpKdudFtTIuiEzDLaEY=
25,149,K0G74LkVfJGeZTAcEIeqeSOAzmo=,zgtgSfP3CpKdudFtTIuiEzDLaEY=
24,149,K0G74LkVfJGeZTAcEIeqeSOAzmo=,zgtgSfP3CpKdudFtTIuiEzDLaEY=
23,149,K0G74LkVfJGeZTAcEIeqeSOAzmo=,zgtgSfP3CpKdudFtTIuiEzDLaEY=
22,149,K0G74LkVfJGeZTAcEIeqeSOAzmo=,zgtgSfP3CpKdudFtTIuiEzDLaEY=
21,149,K0G74LkVfJGeZTAcEIeqeSOAzmo=,zgtgSfP3CpKdudFtTIuiEzDLaEY=
20,149,K0G74LkVfJGeZTAcEIeqeSOAzmo=,zgtgSfP3CpKdudFtTIuiEzDLaEY=
19,149,K0G74LkVfJGeZTAcEIeqeSOAzmo=,zgtgSfP3CpKdudFtTIuiEzDLaEY=
18,149,K0G74LkVfJGeZTAcEIeqeSOAzmo=,zgtgSfP3CpKdudFtTIuiEzDLaEY=
17,149,K0G74LkVfJGeZTAcEIeqeSOAzmo=,zgtgSfP3CpKdudFtTIuiEzDLaEY=
19,145,K0G74LkVfJGeZTAcEIeqeSOAzmo=,zgtgSfP3CpKdudFtTIuiEzDLaEY=
16,149,K0G74LkVfJGeZTAcEIeqeSOAzmo=,zgtgSfP3CpKdudFtTIuiEzDLaEY=
30,145,K0G74LkVfJGeZTAcEIeqeSOAzmo=,zgtgSfP3CpKdudFtTIuiEzDLaEY=
30,149,K0G74LkVfJGeZTAcEIeqeSOAzmo=,zgtgSfP3CpKdudFtTIuiEzDLaEY=
31,148,K0G74LkVfJGeZTAcEIeqeSOAzmo=,zgtgSfP3CpKdudFtTIuiEzDLaEY=
28,148,K0G74LkVfJGeZTAcEIeqeSOAzmo=,zgtgSfP3CpKdudFtTIuiEzDLaEY=
22,144,K0G74LkVfJGeZTAcEIeqeSOAzmo=,zgtgSfP3CpKdudFtTIuiEzDLaEY=
27,148,K0G74LkVfJGeZTAcEIeqeSOAzmo=,zgtgSfP3CpKdudFtTIuiEzDLaEY=
30,148,K0G74LkVfJGeZTAcEIeqeSOAzmo=,zgtgSfP3CpKdudFtTIuiEzDLaEY=
26,148,K0G74LkVfJGeZTAcEIeqeSOAzmo=,zgtgSfP3CpKdudFtTIuiEzDLaEY=
25,148,K0G74LkVfJGeZTAcEIeqeSOAzmo=,zgtgSfP3CpKdudFtTIuiEzDLaEY=
24,148,K0G74LkVfJGeZTAcEIeqeSOAzmo=,zgtgSfP3CpKdudFtTIuiEzDLaEY=
23,148,K0G74LkVfJGeZTAcEIeqeSOAzmo=,zgtgSfP3CpKdudFtTIuiEzDLaEY=
22,148,K0G74LkVfJGeZTAcEIeqeSOAzmo=,zgtgSfP3CpKdudFtTIuiEzDLaEY=
21,148,K0G74LkVfJGeZTAcEIeqeSOAzmo=,zgtgSfP3CpKdudFtTIuiEzDLaEY=
20,148,K0G74LkVfJGeZTAcEIeqeSOAzmo=,zgtgSfP3CpKdudFtTIuiEzDLaEY=
19,148,K0G74LkVfJGeZTAcEIeqeSOAzmo=,zgtgSfP3CpKdudFtTIuiEzDLaEY=
18,148,K0G74LkVfJGeZTAcEIeqeSOAzmo=,zgtgSfP3CpKdudFtTIuiEzDLaEY=
17,148,K0G74LkVfJGeZTAcEIeqeSOAzmo=,zgtgSfP3CpKdudFtTIuiEzDLaEY=
18,145,K0G74LkVfJGeZTAcEIeqeSOAzmo=,zgtgSfP3CpKdudFtTIuiEzDLaEY=
21,144,K0G74LkVfJGeZTAcEIeqeSOAzmo=,zgtgSfP3CpKdudFtTIuiEzDLaEY=
16,148,K0G74LkVfJGeZTAcEIeqeSOAzmo=,zgtgSfP3CpKdudFtTIuiEzDLaEY=
30,144,K0G74LkVfJGeZTAcEIeqeSOAzmo=,zgtgSfP3CpKdudFtTIuiEzDLaEY=
29,148,K0G74LkVfJGeZTAcEIeqeSOAzmo=,zgtgSfP3CpKdudFtTIuiEzDLaEY=
29,147,K0G74LkVfJGeZTAcEIeqeSOAzmo=,zgtgSfP3CpKdudFtTIuiEzDLaEY=
29,145,K0G74LkVfJGeZTAcEIeqeSOAzmo=,zgtgSfP3CpKdudFtTIuiEzDLaEY=
20,144,K0G74LkVfJGeZTAcEIeqeSOAzmo=,zgtgSfP3CpKdudFtTIuiEzDLaEY=
30,146,K0G74LkVfJGeZTAcEIeqeSOAzmo=,zgtgSfP3CpKdudFtTIuiEzDLaEY=
31,146,K0G74LkVfJGeZTAcEIeqeSOAzmo=,zgtgSfP3CpKdudFtTIuiEzDLaEY=
27,144,K0G74LkVfJGeZTAcEIeqeSOAzmo=,zgtgSfP3CpKdudFtTIuiEzDLaEY=
30,147,K0G74LkVfJGeZTAcEIeqeSOAzmo=,zgtgSfP3CpKdudFtTIuiEzDLaEY=
31,147,K0G74LkVfJGeZTAcEIeqeSOAzmo=,zgtgSfP3CpKdudFtTIuiEzDLaEY=
26,144,K0G74LkVfJGeZTAcEIeqeSOAzmo=,zgtgSfP3CpKdudFtTIuiEzDLaEY=
19,128,M/f7GIqpt8y0JWVBSLp/it8a9DA=,zNG89VLVmvMdLrjnXnL4sGsF2C8=
28,130,M/f7GIqpt8y0JWVBSLp/it8a9DA=,zNG89VLVmvMdLrjnXnL4sGsF2C8=
28,131,M/f7GIqpt8y0JWVBSLp/it8a9DA=,zNG89VLVmvMdLrjnXnL4sGsF2C8=
31,129,M/f7GIqpt8y0JWVBSLp/it8a9DA=,zNG89VLVmvMdLrjnXnL4sGsF2C8=
25,130,M/f7GIqpt8y0JWVBSLp/it8a9DA=,zNG89VLVmvMdLrjnXnL4sGsF2C8=
24,130,M/f7GIqpt8y0JWVBSLp/it8a9DA=,zNG89VLVmvMdLrjnXnL4sGsF2C8=
27,130,M/f7GIqpt8y0JWVBSLp/it8a9DA=,zNG89VLVmvMdLrjnXnL4sGsF2C8=
23,130,M/f7GIqpt8y0JWVBSLp/it8a9DA=,zNG89VLVmvMdLrjnXnL4sGsF2C8=
20,130,M/f7GIqpt8y0JWVBSLp/it8a9DA=,zNG89VLVmvMdLrjnXnL4sGsF2C8=
21,130,M/f7GIqpt8y0JWVBSLp/it8a9DA=,zNG89VLVmvMdLrjnXnL4sGsF2C8=
18,130,M/f7GIqpt8y0JWVBSLp/it8a9DA=,zNG89VLVmvMdLrjnXnL4sGsF2C8=
19,130,M/f7GIqpt8y0JWVBSLp/it8a9DA=,zNG89VLVmvMdLrjnXnL4sGsF2C8=
31,143,M/f7GIqpt8y0JWVBSLp/it8a9DA=,zNG89VLVmvMdLrjnXnL4sGsF2C8=
16,130,M/f7GIqpt8y0JWVBSLp/it8a9DA=,zNG89VLVmvMdLrjnXnL4sGsF2C8=
22,130,M/f7GIqpt8y0JWVBSLp/it8a9DA=,zNG89VLVmvMdLrjnXnL4sGsF2C8=
30,130,M/f7GIqpt8y0JWVBSLp/it8a9DA=,zNG89VLVmvMdLrjnXnL4sGsF2C8=
17,130,M/f7GIqpt8y0JWVBSLp/it8a9DA=,zNG89VLVmvMdLrjnXnL4sGsF2C8=
29,130,M/f7GIqpt8y0JWVBSLp/it8a9DA=,zNG89VLVmvMdLrjnXnL4sGsF2C8=
20,128,M/f7GIqpt8y0JWVBSLp/it8a9DA=,zNG89VLVmvMdLrjnXnL4sGsF2C8=
27,131,M/f7GIqpt8y0JWVBSLp/it8a9DA=,zNG89VLVmvMdLrjnXnL4sGsF2C8=
29,143,M/f7GIqpt8y0JWVBSLp/it8a9DA=,zNG89VLVmvMdLrjnXnL4sGsF2C8=
26,130,M/f7GIqpt8y0JWVBSLp/it8a9DA=,zNG89VLVmvMdLrjnXnL4sGsF2C8=
25,143,M/f7GIqpt8y0JWVBSLp/it8a9DA=,zNG89VLVmvMdLrjnXnL4sGsF2C8=
24,143,M/f7GIqpt8y0JWVBSLp/it8a9DA=,zNG89VLVmvMdLrjnXnL4sGsF2C8=
27,143,M/f7GIqpt8y0JWVBSLp/it8a9DA=,zNG89VLVmvMdLrjnXnL4sGsF2C8=
22,143,M/f7GIqpt8y0JWVBSLp/it8a9DA=,zNG89VLVmvMdLrjnXnL4sGsF2C8=
23,143,M/f7GIqpt8y0JWVBSLp/it8a9DA=,zNG89VLVmvMdLrjnXnL4sGsF2C8=
21,143,M/f7GIqpt8y0JWVBSLp/it8a9DA=,zNG89VLVmvMdLrjnXnL4sGsF2C8=
20,143,M/f7GIqpt8y0JWVBSLp/it8a9DA=,zNG89VLVmvMdLrjnXnL4sGsF2C8=
19,143,M/f7GIqpt8y0JWVBSLp/it8a9DA=,zNG89VLVmvMdLrjnXnL4sGsF2C8=
18,143,M/f7GIqpt8y0JWVBSLp/it8a9DA=,zNG89VLVmvMdLrjnXnL4sGsF2C8=
30,143,M/f7GIqpt8y0JWVBSLp/it8a9DA=,zNG89VLVmvMdLrjnXnL4sGsF2C8=
17,143,M/f7GIqpt8y0JWVBSLp/it8a9DA=,zNG89VLVmvMdLrjnXnL4sGsF2C8=
18,128,M/f7GIqpt8y0JWVBSLp/it8a9DA=,zNG89VLVmvMdLrjnXnL4sGsF2C8=
16,143,M/f7GIqpt8y0JWVBSLp/it8a9DA=,zNG89VLVmvMdLrjnXnL4sGsF2C8=
29,131,M/f7GIqpt8y0JWVBSLp/it8a9DA=,zNG89VLVmvMdLrjnXnL4sGsF2C8=
28,143,M/f7GIqpt8y0JWVBSLp/it8a9DA=,zNG89VLVmvMdLrjnXnL4sGsF2C8=
26,131,M/f7GIqpt8y0JWVBSLp/it8a9DA=,zNG89VLVmvMdLrjnXnL4sGsF2C8=
26,143,M/f7GIqpt8y0JWVBSLp/it8a9DA=,zNG89VLVmvMdLrjnXnL4sGsF2C8=
31,142,M/f7GIqpt8y0JWVBSLp/it8a9DA=,zNG89VLVmvMdLrjnXnL4sGsF2C8=
30,142,M/f7GIqpt8y0JWVBSLp/it8a9DA=,zNG89VLVmvMdLrjnXnL4sGsF2C8=
30,131,M/f7GIqpt8y0JWVBSLp/it8a9DA=,zNG89VLVmvMdLrjnXnL4sGsF2C8=
25,142,M/f7GIqpt8y0JWVBSLp/it8a9DA=,zNG89VLVmvMdLrjnXnL4sGsF2C8=
21,128,M/f7GIqpt8y0JWVBSLp/it8a9DA=,zNG89VLVmvMdLrjnXnL4sGsF2C8=
29,142,M/f7GIqpt8y0JWVBSLp/it8a9DA=,zNG89VLVmvMdLrjnXnL4sGsF2C8=
23,142,M/f7GIqpt8y0JWVBSLp/it8a9DA=,zNG89VLVmvMdLrjnXnL4sGsF2C8=
28,142,M/f7GIqpt8y0JWVBSLp/it8a9DA=,zNG89VLVmvMdLrjnXnL4sGsF2C8=
21,142,M/f7GIqpt8y0JWVBSLp/it8a9DA=,zNG89VLVmvMdLrjnXnL4sGsF2C8=
20,142,M/f7GIqpt8y0JWVBSLp/it8a9DA=,zNG89VLVmvMdLrjnXnL4sGsF2C8=
19,142,M/f7GIqpt8y0JWVBSLp/it8a9DA=,zNG89VLVmvMdLrjnXnL4sGsF2C8=
22,142,M/f7GIqpt8y0JWVBSLp/it8a9DA=,zNG89VLVmvMdLrjnXnL4sGsF2C8=
18,129,M/f7GIqpt8y0JWVBSLp/it8a9DA=,zNG89VLVmvMdLrjnXnL4sGsF2C8=
18,142,M/f7GIqpt8y0JWVBSLp/it8a9DA=,zNG89VLVmvMdLrjnXnL4sGsF2C8=
30,129,M/f7GIqpt8y0JWVBSLp/it8a9DA=,zNG89VLVmvMdLrjnXnL4sGsF2C8=
27,142,M/f7GIqpt8y0JWVBSLp/it8a9DA=,zNG89VLVmvMdLrjnXnL4sGsF2C8=
17,142,M/f7GIqpt8y0JWVBSLp/it8a9DA=,zNG89VLVmvMdLrjnXnL4sGsF2C8=
16,129,M/f7GIqpt8y0JWVBSLp/it8a9DA=,zNG89VLVmvMdLrjnXnL4sGsF2C8=
17,129,M/f7GIqpt8y0JWVBSLp/it8a9DA=,zNG89VLVmvMdLrjnXnL4sGsF2C8=
16,142,M/f7GIqpt8y0JWVBSLp/it8a9DA=,zNG89VLVmvMdLrjnXnL4sGsF2C8=
26,142,M/f7GIqpt8y0JWVBSLp/it8a9DA=,zNG89VLVmvMdLrjnXnL4sGsF2C8=
17,128,M/f7GIqpt8y0JWVBSLp/it8a9DA=,zNG89VLVmvMdLrjnXnL4sGsF2C8=
24,142,M/f7GIqpt8y0JWVBSLp/it8a9DA=,zNG89VLVmvMdLrjnXnL4sGsF2C8=
25,131,M/f7GIqpt8y0JWVBSLp/it8a9DA=,zNG89VLVmvMdLrjnXnL4sGsF2C8=
31,131,M/f7GIqpt8y0JWVBSLp/it8a9DA=,zNG89VLVmvMdLrjnXnL4sGsF2C8=
30,141,M/f7GIqpt8y0JWVBSLp/it8a9DA=,zNG89VLVmvMdLrjnXnL4sGsF2C8=
16,132,M/f7GIqpt8y0JWVBSLp/it8a9DA=,zNG89VLVmvMdLrjnXnL4sGsF2C8=
17,132,M/f7GIqpt8y0JWVBSLp/it8a9DA=,zNG89VLVmvMdLrjnXnL4sGsF2C8=
18,132,M/f7GIqpt8y0JWVBSLp/it8a9DA=,zNG89VLVmvMdLrjnXnL4sGsF2C8=
31,141,M/f7GIqpt8y0JWVBSLp/it8a9DA=,zNG89VLVmvMdLrjnXnL4sGsF2C8=
29,141,M/f7GIqpt8y0JWVBSLp/it8a9DA=,zNG89VLVmvMdLrjnXnL4sGsF2C8=
24,141,M/f7GIqpt8y0JWVBSLp/it8a9DA=,zNG89VLVmvMdLrjnXnL4sGsF2C8=
23,141,M/f7GIqpt8y0JWVBSLp/it8a9DA=,zNG89VLVmvMdLrjnXnL4sGsF2C8=
19,132,M/f7GIqpt8y0JWVBSLp/it8a9DA=,zNG89VLVmvMdLrjnXnL4sGsF2C8=
20,132,M/f7GIqpt8y0JWVBSLp/it8a9DA=,zNG89VLVmvMdLrjnXnL4sGsF2C8=
21,132,M/f7GIqpt8y0JWVBSLp/it8a9DA=,zNG89VLVmvMdLrjnXnL4sGsF2C8=
26,141,M/f7GIqpt8y0JWVBSLp/it8a9DA=,zNG89VLVmvMdLrjnXnL4sGsF2C8=
21,141,M/f7GIqpt8y0JWVBSLp/it8a9DA=,zNG89VLVmvMdLrjnXnL4sGsF2C8=
20,141,M/f7GIqpt8y0JWVBSLp/it8a9DA=,zNG89VLVmvMdLrjnXnL4sGsF2C8=
19,141,M/f7GIqpt8y0JWVBSLp/it8a9DA=,zNG89VLVmvMdLrjnXnL4sGsF2C8=
22,132,M/f7GIqpt8y0JWVBSLp/it8a9DA=,zNG89VLVmvMdLrjnXnL4sGsF2C8=
25,141,M/f7GIqpt8y0JWVBSLp/it8a9DA=,zNG89VLVmvMdLrjnXnL4sGsF2C8=
27,141,M/f7GIqpt8y0JWVBSLp/it8a9DA=,zNG89VLVmvMdLrjnXnL4sGsF2C8=
23,132,M/f7GIqpt8y0JWVBSLp/it8a9DA=,zNG89VLVmvMdLrjnXnL4sGsF2C8=
22,141,M/f7GIqpt8y0JWVBSLp/it8a9DA=,zNG89VLVmvMdLrjnXnL4sGsF2C8=
18,141,M/f7GIqpt8y0JWVBSLp/it8a9DA=,zNG89VLVmvMdLrjnXnL4sGsF2C8=
17,141,M/f7GIqpt8y0JWVBSLp/it8a9DA=,zNG89VLVmvMdLrjnXnL4sGsF2C8=
16,141,M/f7GIqpt8y0JWVBSLp/it8a9DA=,zNG89VLVmvMdLrjnXnL4sGsF2C8=
24,131,M/f7GIqpt8y0JWVBSLp/it8a9DA=,zNG89VLVmvMdLrjnXnL4sGsF2C8=
24,132,M/f7GIqpt8y0JWVBSLp/it8a9DA=,zNG89VLVmvMdLrjnXnL4sGsF2C8=
28,141,M/f7GIqpt8y0JWVBSLp/it8a9DA=,zNG89VLVmvMdLrjnXnL4sGsF2C8=
31,128,M/f7GIqpt8y0JWVBSLp/it8a9DA=,zNG89VLVmvMdLrjnXnL4sGsF2C8=
25,132,M/f7GIqpt8y0JWVBSLp/it8a9DA=,zNG89VLVmvMdLrjnXnL4sGsF2C8=
31,140,M/f7GIqpt8y0JWVBSLp/it8a9DA=,zNG89VLVmvMdLrjnXnL4sGsF2C8=
26,132,M/f7GIqpt8y0JWVBSLp/it8a9DA=,zNG89VLVmvMdLrjnXnL4sGsF2C8=
29,140,M/f7GIqpt8y0JWVBSLp/it8a9DA=,zNG89VLVmvMdLrjnXnL4sGsF2C8=
29,129,M/f7GIqpt8y0JWVBSLp/it8a9DA=,zNG89VLVmvMdLrjnXnL4sGsF2C8=
30,140,M/f7GIqpt8y0JWVBSLp/it8a9DA=,zNG89VLVmvMdLrjnXnL4sGsF2C8=
28,140,M/f7GIqpt8y0JWVBSLp/it8a9DA=,zNG89VLVmvMdLrjnXnL4sGsF2C8=
28,129,M/f7GIqpt8y0JWVBSLp/it8a9DA=,zNG89VLVmvMdLrjnXnL4sGsF2C8=
27,140,M/f7GIqpt8y0JWVBSLp/it8a9DA=,zNG89VLVmvMdLrjnXnL4sGsF2C8=
24,140,M/f7GIqpt8y0JWVBSLp/it8a9DA=,zNG89VLVmvMdLrjnXnL4sGsF2C8=
20,140,M/f7GIqpt8y0JWVBSLp/it8a9DA=,zNG89VLVmvMdLrjnXnL4sGsF2C8=
23,140,M/f7GIqpt8y0JWVBSLp/it8a9DA=,zNG89VLVmvMdLrjnXnL4sGsF2C8=
23,131,M/f7GIqpt8y0JWVBSLp/it8a9DA=,zNG89VLVmvMdLrjnXnL4sGsF2C8=
19,140,M/f7GIqpt8y0JWVBSLp/it8a9DA=,zNG89VLVmvMdLrjnXnL4sGsF2C8=
18,140,M/f7GIqpt8y0JWVBSLp/it8a9DA=,zNG89VLVmvMdLrjnXnL4sGsF2C8=
17,140,M/f7GIqpt8y0JWVBSLp/it8a9DA=,zNG89VLVmvMdLrjnXnL4sGsF2C8=
16,140,M/f7GIqpt8y0JWVBSLp/it8a9DA=,zNG89VLVmvMdLrjnXnL4sGsF2C8=
25,140,M/f7GIqpt8y0JWVBSLp/it8a9DA=,zNG89VLVmvMdLrjnXnL4sGsF2C8=
27,132,M/f7GIqpt8y0JWVBSLp/it8a9DA=,zNG89VLVmvMdLrjnXnL4sGsF2C8=
22,140,M/f7GIqpt8y0JWVBSLp/it8a9DA=,zNG89VLVmvMdLrjnXnL4sGsF2C8=
21,140,M/f7GIqpt8y0JWVBSLp/it8a9DA=,zNG89VLVmvMdLrjnXnL4sGsF2C8=
26,140,M/f7GIqpt8y0JWVBSLp/it8a9DA=,zNG89VLVmvMdLrjnXnL4sGsF2C8=
30,128,M/f7GIqpt8y0JWVBSLp/it8a9DA=,zNG89VLVmvMdLrjnXnL4sGsF2C8=
29,139,M/f7GIqpt8y0JWVBSLp/it8a9DA=,zNG89VLVmvMdLrjnXnL4sGsF2C8=
28,139,M/f7GIqpt8y0JWVBSLp/it8a9DA=,zNG89VLVmvMdLrjnXnL4sGsF2C8=
30,139,M/f7GIqpt8y0JWVBSLp/it8a9DA=,zNG89VLVmvMdLrjnXnL4sGsF2C8=
27,129,M/f7GIqpt8y0JWVBSLp/it8a9DA=,zNG89VLVmvMdLrjnXnL4sGsF2C8=
31,139,M/f7GIqpt8y0JWVBSLp/it8a9DA=,zNG89VLVmvMdLrjnXnL4sGsF2C8=
25,139,M/f7GIqpt8y0JWVBSLp/it8a9DA=,zNG89VLVmvMdLrjnXnL4sGsF2C8=
24,139,M/f7GIqpt8y0JWVBSLp/it8a9DA=,zNG89VLVmvMdLrjnXnL4sGsF2C8=
27,139,M/f7GIqpt8y0JWVBSLp/it8a9DA=,zNG89VLVmvMdLrjnXnL4sGsF2C8=
22,131,M/f7GIqpt8y0JWVBSLp/it8a9DA=,zNG89VLVmvMdLrjnXnL4sGsF2C8=
20,139,M/f7GIqpt8y0JWVBSLp/it8a9DA=,zNG89VLVmvMdLrjnXnL4sGsF2C8=
19,139,M/f7GIqpt8y0JWVBSLp/it8a9DA=,zNG89VLVmvMdLrjnXnL4sGsF2C8=
18,139,M/f7GIqpt8y0JWVBSLp/it8a9DA=,zNG89VLVmvMdLrjnXnL4sGsF2C8=
17,139,M/f7GIqpt8y0JWVBSLp/it8a9DA=,zNG89VLVmvMdLrjnXnL4sGsF2C8=
16,139,M/f7GIqpt8y0JWVBSLp/it8a9DA=,zNG89VLVmvMdLrjnXnL4sGsF2C8=
23,139,M/f7GIqpt8y0JWVBSLp/it8a9DA=,zNG89VLVmvMdLrjnXnL4sGsF2C8=
29,128,M/f7GIqpt8y0JWVBSLp/it8a9DA=,zNG89VLVmvMdLrjnXnL4sGsF2C8=
26,139,M/f7GIqpt8y0JWVBSLp/it8a9DA=,zNG89VLVmvMdLrjnXnL4sGsF2C8=
21,139,M/f7GIqpt8y0JWVBSLp/it8a9DA=,zNG89VLVmvMdLrjnXnL4sGsF2C8=
31,130,M/f7GIqpt8y0JWVBSLp/it8a9DA=,zNG89VLVmvMdLrjnXnL4sGsF2C8=
26,129,M/f7GIqpt8y0JWVBSLp/it8a9DA=,zNG89VLVmvMdLrjnXnL4sGsF2C8=
22,128,M/f7GIqpt8y0JWVBSLp/it8a9DA=,zNG89VLVmvMdLrjnXnL4sGsF2C8=
30,138,M/f7GIqpt8y0JWVBSLp/it8a9DA=,zNG89VLVmvMdLrjnXnL4sGsF2C8=
29,138,M/f7GIqpt8y0JWVBSLp/it8a9DA=,zNG89VLVmvMdLrjnXnL4sGsF2C8=
22,139,M/f7GIqpt8y0JWVBSLp/it8a9DA=,zNG89VLVmvMdLrjnXnL4sGsF2C8=
28,138,M/f7GIqpt8y0JWVBSLp/it8a9DA=,zNG89VLVmvMdLrjnXnL4sGsF2C8=
28,132,M/f7GIqpt8y0JWVBSLp/it8a9DA=,zNG89VLVmvMdLrjnXnL4sGsF2C8=
27,138,M/f7GIqpt8y0JWVBSLp/it8a9DA=,zNG89VLVmvMdLrjnXnL4sGsF2C8=
31,138,M/f7GIqpt8y0JWVBSLp/it8a9DA=,zNG89VLVmvMdLrjnXnL4sGsF2C8=
22,138,M/f7GIqpt8y0JWVBSLp/it8a9DA=,zNG89VLVmvMdLrjnXnL4sGsF2C8=
21,131,M/f7GIqpt8y0JWVBSLp/it8a9DA=,zNG89VLVmvMdLrjnXnL4sGsF2C8=
23,138,M/f7GIqpt8y0JWVBSLp/it8a9DA=,zNG89VLVmvMdLrjnXnL4sGsF2C8=
28,128,M/f7GIqpt8y0JWVBSLp/it8a9DA=,zNG89VLVmvMdLrjnXnL4sGsF2C8=
19,138,M/f7GIqpt8y0JWVBSLp/it8a9DA=,zNG89VLVmvMdLrjnXnL4sGsF2C8=
18,138,M/f7GIqpt8y0JWVBSLp/it8a9DA=,zNG89VLVmvMdLrjnXnL4sGsF2C8=
17,138,M/f7GIqpt8y0JWVBSLp/it8a9DA=,zNG89VLVmvMdLrjnXnL4sGsF2C8=
16,138,M/f7GIqpt8y0JWVBSLp/it8a9DA=,zNG89VLVmvMdLrjnXnL4sGsF2C8=
29,132,M/f7GIqpt8y0JWVBSLp/it8a9DA=,zNG89VLVmvMdLrjnXnL4sGsF2C8=
24,138,M/f7GIqpt8y0JWVBSLp/it8a9DA=,zNG89VLVmvMdLrjnXnL4sGsF2C8=
25,129,M/f7GIqpt8y0JWVBSLp/it8a9DA=,zNG89VLVmvMdLrjnXnL4sGsF2C8=
25,138,M/f7GIqpt8y0JWVBSLp/it8a9DA=,zNG89VLVmvMdLrjnXnL4sGsF2C8=
20,138,M/f7GIqpt8y0JWVBSLp/it8a9DA=,zNG89VLVmvMdLrjnXnL4sGsF2C8=
26,138,M/f7GIqpt8y0JWVBSLp/it8a9DA=,zNG89VLVmvMdLrjnXnL4sGsF2C8=
30,137,M/f7GIqpt8y0JWVBSLp/it8a9DA=,zNG89VLVmvMdLrjnXnL4sGsF2C8=
30,132,M/f7GIqpt8y0JWVBSLp/it8a9DA=,zNG89VLVmvMdLrjnXnL4sGsF2C8=
29,137,M/f7GIqpt8y0JWVBSLp/it8a9DA=,zNG89VLVmvMdLrjnXnL4sGsF2C8=
31,137,M/f7GIqpt8y0JWVBSLp/it8a9DA=,zNG89VLVmvMdLrjnXnL4sGsF2C8=
21,138,M/f7GIqpt8y0JWVBSLp/it8a9DA=,zNG89VLVmvMdLrjnXnL4sGsF2C8=
28,137,M/f7GIqpt8y0JWVBSLp/it8a9DA=,zNG89VLVmvMdLrjnXnL4sGsF2C8=
23,137,M/f7GIqpt8y0JWVBSLp/it8a9DA=,zNG89VLVmvMdLrjnXnL4sGsF2C8=
20,131,M/f7GIqpt8y0JWVBSLp/it8a9DA=,zNG89VLVmvMdLrjnXnL4sGsF2C8=
27,128,M/f7GIqpt8y0JWVBSLp/it8a9DA=,zNG89VLVmvMdLrjnXnL4sGsF2C8=
21,137,M/f7GIqpt8y0JWVBSLp/it8a9DA=,zNG89VLVmvMdLrjnXnL4sGsF2C8=
31,132,M/f7GIqpt8y0JWVBSLp/it8a9DA=,zNG89VLVmvMdLrjnXnL4sGsF2C8=
27,137,M/f7GIqpt8y0JWVBSLp/it8a9DA=,zNG89VLVmvMdLrjnXnL4sGsF2C8=
19,137,M/f7GIqpt8y0JWVBSLp/it8a9DA=,zNG89VLVmvMdLrjnXnL4sGsF2C8=
18,137,M/f7GIqpt8y0JWVBSLp/it8a9DA=,zNG89VLVmvMdLrjnXnL4sGsF2C8=
17,137,M/f7GIqpt8y0JWVBSLp/it8a9DA=,zNG89VLVmvMdLrjnXnL4sGsF2C8=
16,137,M/f7GIqpt8y0JWVBSLp/it8a9DA=,zNG89VLVmvMdLrjnXnL4sGsF2C8=
24,129,M/f7GIqpt8y0JWVBSLp/it8a9DA=,zNG89VLVmvMdLrjnXnL4sGsF2C8=
22,137,M/f7GIqpt8y0JWVBSLp/it8a9DA=,zNG89VLVmvMdLrjnXnL4sGsF2C8=
19,129,M/f7GIqpt8y0JWVBSLp/it8a9DA=,zNG89VLVmvMdLrjnXnL4sGsF2C8=
20,137,M/f7GIqpt8y0JWVBSLp/it8a9DA=,zNG89VLVmvMdLrjnXnL4sGsF2C8=
16,133,M/f7GIqpt8y0JWVBSLp/it8a9DA=,zNG89VLVmvMdLrjnXnL4sGsF2C8=
17,133,M/f7GIqpt8y0JWVBSLp/it8a9DA=,zNG89VLVmvMdLrjnXnL4sGsF2C8=
31,136,M/f7GIqpt8y0JWVBSLp/it8a9DA=,zNG89VLVmvMdLrjnXnL4sGsF2C8=
18,133,M/f7GIqpt8y0JWVBSLp/it8a9DA=,zNG89VLVmvMdLrjnXnL4sGsF2C8=
19,133,M/f7GIqpt8y0JWVBSLp/it8a9DA=,zNG89VLVmvMdLrjnXnL4sGsF2C8=
20,133,M/f7GIqpt8y0JWVBSLp/it8a9DA=,zNG89VLVmvMdLrjnXnL4sGsF2C8=
21,133,M/f7GIqpt8y0JWVBSLp/it8a9DA=,zNG89VLVmvMdLrjnXnL4sGsF2C8=
22,133,M/f7GIqpt8y0JWVBSLp/it8a9DA=,zNG89VLVmvMdLrjnXnL4sGsF2C8=
24,137,M/f7GIqpt8y0JWVBSLp/it8a9DA=,zNG89VLVmvMdLrjnXnL4sGsF2C8=
30,136,M/f7GIqpt8y0JWVBSLp/it8a9DA=,zNG89VLVmvMdLrjnXnL4sGsF2C8=
23,133,M/f7GIqpt8y0JWVBSLp/it8a9DA=,zNG89VLVmvMdLrjnXnL4sGsF2C8=
26,137,M/f7GIqpt8y0JWVBSLp/it8a9DA=,zNG89VLVmvMdLrjnXnL4sGsF2C8=
29,136,M/f7GIqpt8y0JWVBSLp/it8a9DA=,zNG89VLVmvMdLrjnXnL4sGsF2C8=
28,136,M/f7GIqpt8y0JWVBSLp/it8a9DA=,zNG89VLVmvMdLrjnXnL4sGsF2C8=
26,128,M/f7GIqpt8y0JWVBSLp/it8a9DA=,zNG89VLVmvMdLrjnXnL4sGsF2C8=
25,137,M/f7GIqpt8y0JWVBSLp/it8a9DA=,zNG89VLVmvMdLrjnXnL4sGsF2C8=
19,131,M/f7GIqpt8y0JWVBSLp/it8a9DA=,zNG89VLVmvMdLrjnXnL4sGsF2C8=
21,136,M/f7GIqpt8y0JWVBSLp/it8a9DA=,zNG89VLVmvMdLrjnXnL4sGsF2C8=
27,136,M/f7GIqpt8y0JWVBSLp/it8a9DA=,zNG89VLVmvMdLrjnXnL4sGsF2C8=
22,136,M/f7GIqpt8y0JWVBSLp/it8a9DA=,zNG89VLVmvMdLrjnXnL4sGsF2C8=
20,136,M/f7GIqpt8y0JWVBSLp/it8a9DA=,zNG89VLVmvMdLrjnXnL4sGsF2C8=
18,136,M/f7GIqpt8y0JWVBSLp/it8a9DA=,zNG89VLVmvMdLrjnXnL4sGsF2C8=
19,136,M/f7GIqpt8y0JWVBSLp/it8a9DA=,zNG89VLVmvMdLrjnXnL4sGsF2C8=
23,136,M/f7GIqpt8y0JWVBSLp/it8a9DA=,zNG89VLVmvMdLrjnXnL4sGsF2C8=
16,136,M/f7GIqpt8y0JWVBSLp/it8a9DA=,zNG89VLVmvMdLrjnXnL4sGsF2C8=
24,133,M/f7GIqpt8y0JWVBSLp/it8a9DA=,zNG89VLVmvMdLrjnXnL4sGsF2C8=
23,129,M/f7GIqpt8y0JWVBSLp/it8a9DA=,zNG89VLVmvMdLrjnXnL4sGsF2C8=
31,135,M/f7GIqpt8y0JWVBSLp/it8a9DA=,zNG89VLVmvMdLrjnXnL4sGsF2C8=
30,135,M/f7GIqpt8y0JWVBSLp/it8a9DA=,zNG89VLVmvMdLrjnXnL4sGsF2C8=
28,135,M/f7GIqpt8y0JWVBSLp/it8a9DA=,zNG89VLVmvMdLrjnXnL4sGsF2C8=
17,136,M/f7GIqpt8y0JWVBSLp/it8a9DA=,zNG89VLVmvMdLrjnXnL4sGsF2C8=
25,128,M/f7GIqpt8y0JWVBSLp/it8a9DA=,zNG89VLVmvMdLrjnXnL4sGsF2C8=
29,135,M/f7GIqpt8y0JWVBSLp/it8a9DA=,zNG89VLVmvMdLrjnXnL4sGsF2C8=
18,131,M/f7GIqpt8y0JWVBSLp/it8a9DA=,zNG89VLVmvMdLrjnXnL4sGsF2C8=
23,135,M/f7GIqpt8y0JWVBSLp/it8a9DA=,zNG89VLVmvMdLrjnXnL4sGsF2C8=
20,135,M/f7GIqpt8y0JWVBSLp/it8a9DA=,zNG89VLVmvMdLrjnXnL4sGsF2C8=
21,135,M/f7GIqpt8y0JWVBSLp/it8a9DA=,zNG89VLVmvMdLrjnXnL4sGsF2C8=
19,135,M/f7GIqpt8y0JWVBSLp/it8a9DA=,zNG89VLVmvMdLrjnXnL4sGsF2C8=
18,135,M/f7GIqpt8y0JWVBSLp/it8a9DA=,zNG89VLVmvMdLrjnXnL4sGsF2C8=
25,136,M/f7GIqpt8y0JWVBSLp/it8a9DA=,zNG89VLVmvMdLrjnXnL4sGsF2C8=
22,135,M/f7GIqpt8y0JWVBSLp/it8a9DA=,zNG89VLVmvMdLrjnXnL4sGsF2C8=
27,135,M/f7GIqpt8y0JWVBSLp/it8a9DA=,zNG89VLVmvMdLrjnXnL4sGsF2C8=
22,129,M/f7GIqpt8y0JWVBSLp/it8a9DA=,zNG89VLVmvMdLrjnXnL4sGsF2C8=
16,135,M/f7GIqpt8y0JWVBSLp/it8a9DA=,zNG89VLVmvMdLrjnXnL4sGsF2C8=
16,128,M/f7GIqpt8y0JWVBSLp/it8a9DA=,zNG89VLVmvMdLrjnXnL4sGsF2C8=
17,135,M/f7GIqpt8y0JWVBSLp/it8a9DA=,zNG89VLVmvMdLrjnXnL4sGsF2C8=
31,134,M/f7GIqpt8y0JWVBSLp/it8a9DA=,zNG89VLVmvMdLrjnXnL4sGsF2C8=
30,134,M/f7GIqpt8y0JWVBSLp/it8a9DA=,zNG89VLVmvMdLrjnXnL4sGsF2C8=
28,134,M/f7GIqpt8y0JWVBSLp/it8a9DA=,zNG89VLVmvMdLrjnXnL4sGsF2C8=
29,134,M/f7GIqpt8y0JWVBSLp/it8a9DA=,zNG89VLVmvMdLrjnXnL4sGsF2C8=
17,131,M/f7GIqpt8y0JWVBSLp/it8a9DA=,zNG89VLVmvMdLrjnXnL4sGsF2C8=
24,128,M/f7GIqpt8y0JWVBSLp/it8a9DA=,zNG89VLVmvMdLrjnXnL4sGsF2C8=
24,135,M/f7GIqpt8y0JWVBSLp/it8a9DA=,zNG89VLVmvMdLrjnXnL4sGsF2C8=
23,134,M/f7GIqpt8y0JWVBSLp/it8a9DA=,zNG89VLVmvMdLrjnXnL4sGsF2C8=
26,135,M/f7GIqpt8y0JWVBSLp/it8a9DA=,zNG89VLVmvMdLrjnXnL4sGsF2C8=
21,134,M/f7GIqpt8y0JWVBSLp/it8a9DA=,zNG89VLVmvMdLrjnXnL4sGsF2C8=
27,134,M/f7GIqpt8y0JWVBSLp/it8a9DA=,zNG89VLVmvMdLrjnXnL4sGsF2C8=
19,134,M/f7GIqpt8y0JWVBSLp/it8a9DA=,zNG89VLVmvMdLrjnXnL4sGsF2C8=
20,134,M/f7GIqpt8y0JWVBSLp/it8a9DA=,zNG89VLVmvMdLrjnXnL4sGsF2C8=
18,134,M/f7GIqpt8y0JWVBSLp/it8a9DA=,zNG89VLVmvMdLrjnXnL4sGsF2C8=
17,134,M/f7GIqpt8y0JWVBSLp/it8a9DA=,zNG89VLVmvMdLrjnXnL4sGsF2C8=
21,129,M/f7GIqpt8y0JWVBSLp/it8a9DA=,zNG89VLVmvMdLrjnXnL4sGsF2C8=
16,134,M/f7GIqpt8y0JWVBSLp/it8a9DA=,zNG89VLVmvMdLrjnXnL4sGsF2C8=
25,135,M/f7GIqpt8y0JWVBSLp/it8a9DA=,zNG89VLVmvMdLrjnXnL4sGsF2C8=
22,134,M/f7GIqpt8y0JWVBSLp/it8a9DA=,zNG89VLVmvMdLrjnXnL4sGsF2C8=
29,133,M/f7GIqpt8y0JWVBSLp/it8a9DA=,zNG89VLVmvMdLrjnXnL4sGsF2C8=
26,134,M/f7GIqpt8y0JWVBSLp/it8a9DA=,zNG89VLVmvMdLrjnXnL4sGsF2C8=
23,128,M/f7GIqpt8y0JWVBSLp/it8a9DA=,zNG89VLVmvMdLrjnXnL4sGsF2C8=
16,131,M/f7GIqpt8y0JWVBSLp/it8a9DA=,zNG89VLVmvMdLrjnXnL4sGsF2C8=
28,133,M/f7GIqpt8y0JWVBSLp/it8a9DA=,zNG89VLVmvMdLrjnXnL4sGsF2C8=
20,129,M/f7GIqpt8y0JWVBSLp/it8a9DA=,zNG89VLVmvMdLrjnXnL4sGsF2C8=
24,134,M/f7GIqpt8y0JWVBSLp/it8a9DA=,zNG89VLVmvMdLrjnXnL4sGsF2C8=
30,133,M/f7GIqpt8y0JWVBSLp/it8a9DA=,zNG89VLVmvMdLrjnXnL4sGsF2C8=
24,136,M/f7GIqpt8y0JWVBSLp/it8a9DA=,zNG89VLVmvMdLrjnXnL4sGsF2C8=
26,136,M/f7GIqpt8y0JWVBSLp/it8a9DA=,zNG89VLVmvMdLrjnXnL4sGsF2C8=
31,133,M/f7GIqpt8y0JWVBSLp/it8a9DA=,zNG89VLVmvMdLrjnXnL4sGsF2C8=
25,134,M/f7GIqpt8y0JWVBSLp/it8a9DA=,zNG89VLVmvMdLrjnXnL4sGsF2C8=
26,133,M/f7GIqpt8y0JWVBSLp/it8a9DA=,zNG89VLVmvMdLrjnXnL4sGsF2C8=
25,133,M/f7GIqpt8y0JWVBSLp/it8a9DA=,zNG89VLVmvMdLrjnXnL4sGsF2C8=
27,133,M/f7GIqpt8y0JWVBSLp/it8a9DA=,zNG89VLVmvMdLrjnXnL4sGsF2C8=
