195,-96,XAsZMli/u5DvL3vFMPQ8yrV/VFA=,pjPXvE52JtTwv0mWdEouBwHWbKI=
204,-93,cqfKQGYOSlc32jSSksedlKRteXE=,pjPXvE52JtTwv0mWdEouBwHWbKI=
206,-94,cqfKQGYOSlc32jSSksedlKRteXE=,pjPXvE52JtTwv0mWdEouBwHWbKI=
196,-96,cqfKQGYOSlc32jSSksedlKRteXE=,pjPXvE52JtTwv0mWdEouBwHWbKI=
205,-93,cqfKQGYOSlc32jSSksedlKRteXE=,pjPXvE52JtTwv0mWdEouBwHWbKI=
206,-93,cqfKQGYOSlc32jSSksedlKRteXE=,pjPXvE52JtTwv0mWdEouBwHWbKI=
197,-96,cqfKQGYOSlc32jSSksedlKRteXE=,pjPXvE52JtTwv0mWdEouBwHWbKI=
194,-95,cqfKQGYOSlc32jSSksedlKRteXE=,pjPXvE52JtTwv0mWdEouBwHWbKI=
207,-93,cqfKQGYOSlc32jSSksedlKRteXE=,pjPXvE52JtTwv0mWdEouBwHWbKI=
192,-92,cqfKQGYOSlc32jSSksedlKRteXE=,pjPXvE52JtTwv0mWdEouBwHWbKI=
205,-94,cqfKQGYOSlc32jSSksedlKRteXE=,pjPXvE52JtTwv0mWdEouBwHWbKI=
204,-94,cqfKQGYOSlc32jSSksedlKRteXE=,pjPXvE52JtTwv0mWdEouBwHWbKI=
207,-95,cqfKQGYOSlc32jSSksedlKRteXE=,pjPXvE52JtTwv0mWdEouBwHWbKI=
201,-94,cqfKQGYOSlc32jSSksedlKRteXE=,pjPXvE52JtTwv0mWdEouBwHWbKI=
203,-94,cqfKQGYOSlc32jSSksedlKRteXE=,pjPXvE52JtTwv0mWdEouBwHWbKI=
200,-94,cqfKQGYOSlc32jSSksedlKRteXE=,pjPXvE52JtTwv0mWdEouBwHWbKI=
199,-94,cqfKQGYOSlc32jSSksedlKRteXE=,pjPXvE52JtTwv0mWdEouBwHWbKI=
198,-94,cqfKQGYOSlc32jSSksedlKRteXE=,pjPXvE52JtTwv0mWdEouBwHWbKI=
197,-94,cqfKQGYOSlc32jSSksedlKRteXE=,pjPXvE52JtTwv0mWdEouBwHWbKI=
202,-94,cqfKQGYOSlc32jSSksedlKRteXE=,pjPXvE52JtTwv0mWdEouBwHWbKI=
203,-93,cqfKQGYOSlc32jSSksedlKRteXE=,pjPXvE52JtTwv0mWdEouBwHWbKI=
195,-94,cqfKQGYOSlc32jSSksedlKRteXE=,pjPXvE52JtTwv0mWdEouBwHWbKI=
196,-94,cqfKQGYOSlc32jSSksedlKRteXE=,pjPXvE52JtTwv0mWdEouBwHWbKI=
193,-92,cqfKQGYOSlc32jSSksedlKRteXE=,pjPXvE52JtTwv0mWdEouBwHWbKI=
207,-81,cqfKQGYOSlc32jSSksedlKRteXE=,pjPXvE52JtTwv0mWdEouBwHWbKI=
194,-92,cqfKQGYOSlc32jSSksedlKRteXE=,pjPXvE52JtTwv0mWdEouBwHWbKI=
195,-92,cqfKQGYOSlc32jSSksedlKRteXE=,pjPXvE52JtTwv0mWdEouBwHWbKI=
196,-92,cqfKQGYOSlc32jSSksedlKRteXE=,pjPXvE52JtTwv0mWdEouBwHWbKI=
197,-92,cqfKQGYOSlc32jSSksedlKRteXE=,pjPXvE52JtTwv0mWdEouBwHWbKI=
198,-92,cqfKQGYOSlc32jSSksedlKRteXE=,pjPXvE52JtTwv0mWdEouBwHWbKI=
199,-92,cqfKQGYOSlc32jSSksedlKRteXE=,pjPXvE52JtTwv0mWdEouBwHWbKI=
200,-92,cqfKQGYOSlc32jSSksedlKRteXE=,pjPXvE52JtTwv0mWdEouBwHWbKI=
201,-92,cqfKQGYOSlc32jSSksedlKRteXE=,pjPXvE52JtTwv0mWdEouBwHWbKI=
202,-92,cqfKQGYOSlc32jSSksedlKRteXE=,pjPXvE52JtTwv0mWdEouBwHWbKI=
203,-92,cqfKQGYOSlc32jSSksedlKRteXE=,pjPXvE52JtTwv0mWdEouBwHWbKI=
207,-94,cqfKQGYOSlc32jSSksedlKRteXE=,pjPXvE52JtTwv0mWdEouBwHWbKI=
198,-96,cqfKQGYOSlc32jSSksedlKRteXE=,pjPXvE52JtTwv0mWdEouBwHWbKI=
204,-92,cqfKQGYOSlc32jSSksedlKRteXE=,pjPXvE52JtTwv0mWdEouBwHWbKI=
205,-92,cqfKQGYOSlc32jSSksedlKRteXE=,pjPXvE52JtTwv0mWdEouBwHWbKI=
206,-92,cqfKQGYOSlc32jSSksedlKRteXE=,pjPXvE52JtTwv0mWdEouBwHWbKI=
207,-92,cqfKQGYOSlc32jSSksedlKRteXE=,pjPXvE52JtTwv0mWdEouBwHWbKI=
195,-95,cqfKQGYOSlc32jSSksedlKRteXE=,pjPXvE52JtTwv0mWdEouBwHWbKI=
192,-91,cqfKQGYOSlc32jSSksedlKRteXE=,pjPXvE52JtTwv0mWdEouBwHWbKI=
194,-94,cqfKQGYOSlc32jSSksedlKRteXE=,pjPXvE52JtTwv0mWdEouBwHWbKI=
206,-81,cqfKQGYOSlc32jSSksedlKRteXE=,pjPXvE52JtTwv0mWdEouBwHWbKI=
193,-94,cqfKQGYOSlc32jSSksedlKRteXE=,pjPXvE52JtTwv0mWdEouBwHWbKI=
205,-81,cqfKQGYOSlc32jSSksedlKRteXE=,pjPXvE52JtTwv0mWdEouBwHWbKI=
194,-91,cqfKQGYOSlc32jSSksedlKRteXE=,pjPXvE52JtTwv0mWdEouBwHWbKI=
195,-91,cqfKQGYOSlc32jSSksedlKRteXE=,pjPXvE52JtTwv0mWdEouBwHWbKI=
196,-91,cqfKQGYOSlc32jSSksedlKRteXE=,pjPXvE52JtTwv0mWdEouBwHWbKI=
197,-91,cqfKQGYOSlc32jSSksedlKRteXE=,pjPXvE52JtTwv0mWdEouBwHWbKI=
198,-91,cqfKQGYOSlc32jSSksedlKRteXE=,pjPXvE52JtTwv0mWdEouBwHWbKI=
200,-91,cqfKQGYOSlc32jSSksedlKRteXE=,pjPXvE52JtTwv0mWdEouBwHWbKI=
193,-91,cqfKQGYOSlc32jSSksedlKRteXE=,pjPXvE52JtTwv0mWdEouBwHWbKI=
203,-81,cqfKQGYOSlc32jSSksedlKRteXE=,pjPXvE52JtTwv0mWdEouBwHWbKI=
199,-91,cqfKQGYOSlc32jSSksedlKRteXE=,pjPXvE52JtTwv0mWdEouBwHWbKI=
201,-91,cqfKQGYOSlc32jSSksedlKRteXE=,pjPXvE52JtTwv0mWdEouBwHWbKI=
204,-81,cqfKQGYOSlc32jSSksedlKRteXE=,pjPXvE52JtTwv0mWdEouBwHWbKI=
202,-81,cqfKQGYOSlc32jSSksedlKRteXE=,pjPXvE52JtTwv0mWdEouBwHWbKI=
202,-91,cqfKQGYOSlc32jSSksedlKRteXE=,pjPXvE52JtTwv0mWdEouBwHWbKI=
196,-95,cqfKQGYOSlc32jSSksedlKRteXE=,pjPXvE52JtTwv0mWdEouBwHWbKI=
192,-94,cqfKQGYOSlc32jSSksedlKRteXE=,pjPXvE52JtTwv0mWdEouBwHWbKI=
198,-81,cqfKQGYOSlc32jSSksedlKRteXE=,pjPXvE52JtTwv0mWdEouBwHWbKI=
194,-96,cqfKQGYOSlc32jSSksedlKRteXE=,pjPXvE52JtTwv0mWdEouBwHWbKI=
200,-81,cqfKQGYOSlc32jSSksedlKRteXE=,pjPXvE52JtTwv0mWdEouBwHWbKI=
201,-81,cqfKQGYOSlc32jSSksedlKRteXE=,pjPXvE52JtTwv0mWdEouBwHWbKI=
193,-81,cqfKQGYOSlc32jSSksedlKRteXE=,pjPXvE52JtTwv0mWdEouBwHWbKI=
206,-95,cqfKQGYOSlc32jSSksedlKRteXE=,pjPXvE52JtTwv0mWdEouBwHWbKI=
192,-81,cqfKQGYOSlc32jSSksedlKRteXE=,pjPXvE52JtTwv0mWdEouBwHWbKI=
195,-81,cqfKQGYOSlc32jSSksedlKRteXE=,pjPXvE52JtTwv0mWdEouBwHWbKI=
197,-81,cqfKQGYOSlc32jSSksedlKRteXE=,pjPXvE52JtTwv0mWdEouBwHWbKI=
194,-81,cqfKQGYOSlc32jSSksedlKRteXE=,pjPXvE52JtTwv0mWdEouBwHWbKI=
202,-93,cqfKQGYOSlc32jSSksedlKRteXE=,pjPXvE52JtTwv0mWdEouBwHWbKI=
192,-93,cqfKQGYOSlc32jSSksedlKRteXE=,pjPXvE52JtTwv0mWdEouBwHWbKI=
199,-96,cqfKQGYOSlc32jSSksedlKRteXE=,pjPXvE52JtTwv0mWdEouBwHWbKI=
203,-91,cqfKQGYOSlc32jSSksedlKRteXE=,pjPXvE52JtTwv0mWdEouBwHWbKI=
196,-81,cqfKQGYOSlc32jSSksedlKRteXE=,pjPXvE52JtTwv0mWdEouBwHWbKI=
199,-81,cqfKQGYOSlc32jSSksedlKRteXE=,pjPXvE52JtTwv0mWdEouBwHWbKI=
205,-82,cqfKQGYOSlc32jSSksedlKRteXE=,pjPXvE52JtTwv0mWdEouBwHWbKI=
206,-82,cqfKQGYOSlc32jSSksedlKRteXE=,pjPXvE52JtTwv0mWdEouBwHWbKI=
204,-91,cqfKQGYOSlc32jSSksedlKRteXE=,pjPXvE52JtTwv0mWdEouBwHWbKI=
204,-82,cqfKQGYOSlc32jSSksedlKRteXE=,pjPXvE52JtTwv0mWdEouBwHWbKI=
207,-82,cqfKQGYOSlc32jSSksedlKRteXE=,pjPXvE52JtTwv0mWdEouBwHWbKI=
202,-82,cqfKQGYOSlc32jSSksedlKRteXE=,pjPXvE52JtTwv0mWdEouBwHWbKI=
203,-82,cqfKQGYOSlc32jSSksedlKRteXE=,pjPXvE52JtTwv0mWdEouBwHWbKI=
198,-82,cqfKQGYOSlc32jSSksedlKRteXE=,pjPXvE52JtTwv0mWdEouBwHWbKI=
205,-91,cqfKQGYOSlc32jSSksedlKRteXE=,pjPXvE52JtTwv0mWdEouBwHWbKI=
207,-91,cqfKQGYOSlc32jSSksedlKRteXE=,pjPXvE52JtTwv0mWdEouBwHWbKI=
192,-90,cqfKQGYOSlc32jSSksedlKRteXE=,pjPXvE52JtTwv0mWdEouBwHWbKI=
206,-91,cqfKQGYOSlc32jSSksedlKRteXE=,pjPXvE52JtTwv0mWdEouBwHWbKI=
197,-95,cqfKQGYOSlc32jSSksedlKRteXE=,pjPXvE52JtTwv0mWdEouBwHWbKI=
193,-90,cqfKQGYOSlc32jSSksedlKRteXE=,pjPXvE52JtTwv0mWdEouBwHWbKI=
194,-90,cqfKQGYOSlc32jSSksedlKRteXE=,pjPXvE52JtTwv0mWdEouBwHWbKI=
195,-90,cqfKQGYOSlc32jSSksedlKRteXE=,pjPXvE52JtTwv0mWdEouBwHWbKI=
197,-90,cqfKQGYOSlc32jSSksedlKRteXE=,pjPXvE52JtTwv0mWdEouBwHWbKI=
198,-90,cqfKQGYOSlc32jSSksedlKRteXE=,pjPXvE52JtTwv0mWdEouBwHWbKI=
196,-90,cqfKQGYOSlc32jSSksedlKRteXE=,pjPXvE52JtTwv0mWdEouBwHWbKI=
199,-90,cqfKQGYOSlc32jSSksedlKRteXE=,pjPXvE52JtTwv0mWdEouBwHWbKI=
200,-90,cqfKQGYOSlc32jSSksedlKRteXE=,pjPXvE52JtTwv0mWdEouBwHWbKI=
199,-82,cqfKQGYOSlc32jSSksedlKRteXE=,pjPXvE52JtTwv0mWdEouBwHWbKI=
195,-82,cqfKQGYOSlc32jSSksedlKRteXE=,pjPXvE52JtTwv0mWdEouBwHWbKI=
201,-93,cqfKQGYOSlc32jSSksedlKRteXE=,pjPXvE52JtTwv0mWdEouBwHWbKI=
201,-90,cqfKQGYOSlc32jSSksedlKRteXE=,pjPXvE52JtTwv0mWdEouBwHWbKI=
201,-82,cqfKQGYOSlc32jSSksedlKRteXE=,pjPXvE52JtTwv0mWdEouBwHWbKI=
197,-82,cqfKQGYOSlc32jSSksedlKRteXE=,pjPXvE52JtTwv0mWdEouBwHWbKI=
196,-82,cqfKQGYOSlc32jSSksedlKRteXE=,pjPXvE52JtTwv0mWdEouBwHWbKI=
193,-95,cqfKQGYOSlc32jSSksedlKRteXE=,pjPXvE52JtTwv0mWdEouBwHWbKI=
193,-96,cqfKQGYOSlc32jSSksedlKRteXE=,pjPXvE52JtTwv0mWdEouBwHWbKI=
193,-93,cqfKQGYOSlc32jSSksedlKRteXE=,pjPXvE52JtTwv0mWdEouBwHWbKI=
200,-96,cqfKQGYOSlc32jSSksedlKRteXE=,pjPXvE52JtTwv0mWdEouBwHWbKI=
192,-95,cqfKQGYOSlc32jSSksedlKRteXE=,pjPXvE52JtTwv0mWdEouBwHWbKI=
193,-82,cqfKQGYOSlc32jSSksedlKRteXE=,pjPXvE52JtTwv0mWdEouBwHWbKI=
194,-82,cqfKQGYOSlc32jSSksedlKRteXE=,pjPXvE52JtTwv0mWdEouBwHWbKI=
207,-83,cqfKQGYOSlc32jSSksedlKRteXE=,pjPXvE52JtTwv0mWdEouBwHWbKI=
202,-90,cqfKQGYOSlc32jSSksedlKRteXE=,pjPXvE52JtTwv0mWdEouBwHWbKI=
206,-83,cqfKQGYOSlc32jSSksedlKRteXE=,pjPXvE52JtTwv0mWdEouBwHWbKI=
192,-82,cqfKQGYOSlc32jSSksedlKRteXE=,pjPXvE52JtTwv0mWdEouBwHWbKI=
200,-82,cqfKQGYOSlc32jSSksedlKRteXE=,pjPXvE52JtTwv0mWdEouBwHWbKI=
203,-90,cqfKQGYOSlc32jSSksedlKRteXE=,pjPXvE52JtTwv0mWdEouBwHWbKI=
204,-83,cqfKQGYOSlc32jSSksedlKRteXE=,pjPXvE52JtTwv0mWdEouBwHWbKI=
203,-83,cqfKQGYOSlc32jSSksedlKRteXE=,pjPXvE52JtTwv0mWdEouBwHWbKI=
205,-83,cqfKQGYOSlc32jSSksedlKRteXE=,pjPXvE52JtTwv0mWdEouBwHWbKI=
197,-83,cqfKQGYOSlc32jSSksedlKRteXE=,pjPXvE52JtTwv0mWdEouBwHWbKI=
198,-83,cqfKQGYOSlc32jSSksedlKRteXE=,pjPXvE52JtTwv0mWdEouBwHWbKI=
202,-83,cqfKQGYOSlc32jSSksedlKRteXE=,pjPXvE52JtTwv0mWdEouBwHWbKI=
207,-96,cqfKQGYOSlc32jSSksedlKRteXE=,pjPXvE52JtTwv0mWdEouBwHWbKI=
205,-95,cqfKQGYOSlc32jSSksedlKRteXE=,pjPXvE52JtTwv0mWdEouBwHWbKI=
200,-93,cqfKQGYOSlc32jSSksedlKRteXE=,pjPXvE52JtTwv0mWdEouBwHWbKI=
204,-90,cqfKQGYOSlc32jSSksedlKRteXE=,pjPXvE52JtTwv0mWdEouBwHWbKI=
200,-83,cqfKQGYOSlc32jSSksedlKRteXE=,pjPXvE52JtTwv0mWdEouBwHWbKI=
195,-83,cqfKQGYOSlc32jSSksedlKRteXE=,pjPXvE52JtTwv0mWdEouBwHWbKI=
192,-83,cqfKQGYOSlc32jSSksedlKRteXE=,pjPXvE52JtTwv0mWdEouBwHWbKI=
204,-95,cqfKQGYOSlc32jSSksedlKRteXE=,pjPXvE52JtTwv0mWdEouBwHWbKI=
199,-83,cqfKQGYOSlc32jSSksedlKRteXE=,pjPXvE52JtTwv0mWdEouBwHWbKI=
196,-83,cqfKQGYOSlc32jSSksedlKRteXE=,pjPXvE52JtTwv0mWdEouBwHWbKI=
194,-83,cqfKQGYOSlc32jSSksedlKRteXE=,pjPXvE52JtTwv0mWdEouBwHWbKI=
201,-83,cqfKQGYOSlc32jSSksedlKRteXE=,pjPXvE52JtTwv0mWdEouBwHWbKI=
205,-90,cqfKQGYOSlc32jSSksedlKRteXE=,pjPXvE52JtTwv0mWdEouBwHWbKI=
207,-84,cqfKQGYOSlc32jSSksedlKRteXE=,pjPXvE52JtTwv0mWdEouBwHWbKI=
206,-84,cqfKQGYOSlc32jSSksedlKRteXE=,pjPXvE52JtTwv0mWdEouBwHWbKI=
193,-83,cqfKQGYOSlc32jSSksedlKRteXE=,pjPXvE52JtTwv0mWdEouBwHWbKI=
192,-96,cqfKQGYOSlc32jSSksedlKRteXE=,pjPXvE52JtTwv0mWdEouBwHWbKI=
205,-84,cqfKQGYOSlc32jSSksedlKRteXE=,pjPXvE52JtTwv0mWdEouBwHWbKI=
204,-84,cqfKQGYOSlc32jSSksedlKRteXE=,pjPXvE52JtTwv0mWdEouBwHWbKI=
198,-84,cqfKQGYOSlc32jSSksedlKRteXE=,pjPXvE52JtTwv0mWdEouBwHWbKI=
197,-84,cqfKQGYOSlc32jSSksedlKRteXE=,pjPXvE52JtTwv0mWdEouBwHWbKI=
206,-90,cqfKQGYOSlc32jSSksedlKRteXE=,pjPXvE52JtTwv0mWdEouBwHWbKI=
207,-90,cqfKQGYOSlc32jSSksedlKRteXE=,pjPXvE52JtTwv0mWdEouBwHWbKI=
203,-84,cqfKQGYOSlc32jSSksedlKRteXE=,pjPXvE52JtTwv0mWdEouBwHWbKI=
206,-96,cqfKQGYOSlc32jSSksedlKRteXE=,pjPXvE52JtTwv0mWdEouBwHWbKI=
199,-93,cqfKQGYOSlc32jSSksedlKRteXE=,pjPXvE52JtTwv0mWdEouBwHWbKI=
195,-84,cqfKQGYOSlc32jSSksedlKRteXE=,pjPXvE52JtTwv0mWdEouBwHWbKI=
194,-84,cqfKQGYOSlc32jSSksedlKRteXE=,pjPXvE52JtTwv0mWdEouBwHWbKI=
199,-84,cqfKQGYOSlc32jSSksedlKRteXE=,pjPXvE52JtTwv0mWdEouBwHWbKI=
192,-84,cqfKQGYOSlc32jSSksedlKRteXE=,pjPXvE52JtTwv0mWdEouBwHWbKI=
203,-95,cqfKQGYOSlc32jSSksedlKRteXE=,pjPXvE52JtTwv0mWdEouBwHWbKI=
192,-89,cqfKQGYOSlc32jSSksedlKRteXE=,pjPXvE52JtTwv0mWdEouBwHWbKI=
198,-95,cqfKQGYOSlc32jSSksedlKRteXE=,pjPXvE52JtTwv0mWdEouBwHWbKI=
193,-89,cqfKQGYOSlc32jSSksedlKRteXE=,pjPXvE52JtTwv0mWdEouBwHWbKI=
194,-89,cqfKQGYOSlc32jSSksedlKRteXE=,pjPXvE52JtTwv0mWdEouBwHWbKI=
195,-89,cqfKQGYOSlc32jSSksedlKRteXE=,pjPXvE52JtTwv0mWdEouBwHWbKI=
196,-89,cqfKQGYOSlc32jSSksedlKRteXE=,pjPXvE52JtTwv0mWdEouBwHWbKI=
197,-89,cqfKQGYOSlc32jSSksedlKRteXE=,pjPXvE52JtTwv0mWdEouBwHWbKI=
198,-89,cqfKQGYOSlc32jSSksedlKRteXE=,pjPXvE52JtTwv0mWdEouBwHWbKI=
202,-84,cqfKQGYOSlc32jSSksedlKRteXE=,pjPXvE52JtTwv0mWdEouBwHWbKI=
196,-84,cqfKQGYOSlc32jSSksedlKRteXE=,pjPXvE52JtTwv0mWdEouBwHWbKI=
199,-89,cqfKQGYOSlc32jSSksedlKRteXE=,pjPXvE52JtTwv0mWdEouBwHWbKI=
201,-84,cqfKQGYOSlc32jSSksedlKRteXE=,pjPXvE52JtTwv0mWdEouBwHWbKI=
193,-84,cqfKQGYOSlc32jSSksedlKRteXE=,pjPXvE52JtTwv0mWdEouBwHWbKI=
200,-84,cqfKQGYOSlc32jSSksedlKRteXE=,pjPXvE52JtTwv0mWdEouBwHWbKI=
200,-89,cqfKQGYOSlc32jSSksedlKRteXE=,pjPXvE52JtTwv0mWdEouBwHWbKI=
194,-93,cqfKQGYOSlc32jSSksedlKRteXE=,pjPXvE52JtTwv0mWdEouBwHWbKI=
201,-96,cqfKQGYOSlc32jSSksedlKRteXE=,pjPXvE52JtTwv0mWdEouBwHWbKI=
201,-89,cqfKQGYOSlc32jSSksedlKRteXE=,pjPXvE52JtTwv0mWdEouBwHWbKI=
205,-85,cqfKQGYOSlc32jSSksedlKRteXE=,pjPXvE52JtTwv0mWdEouBwHWbKI=
206,-85,cqfKQGYOSlc32jSSksedlKRteXE=,pjPXvE52JtTwv0mWdEouBwHWbKI=
203,-85,cqfKQGYOSlc32jSSksedlKRteXE=,pjPXvE52JtTwv0mWdEouBwHWbKI=
207,-85,cqfKQGYOSlc32jSSksedlKRteXE=,pjPXvE52JtTwv0mWdEouBwHWbKI=
198,-85,cqfKQGYOSlc32jSSksedlKRteXE=,pjPXvE52JtTwv0mWdEouBwHWbKI=
197,-85,cqfKQGYOSlc32jSSksedlKRteXE=,pjPXvE52JtTwv0mWdEouBwHWbKI=
205,-96,cqfKQGYOSlc32jSSksedlKRteXE=,pjPXvE52JtTwv0mWdEouBwHWbKI=
198,-93,cqfKQGYOSlc32jSSksedlKRteXE=,pjPXvE52JtTwv0mWdEouBwHWbKI=
196,-85,cqfKQGYOSlc32jSSksedlKRteXE=,pjPXvE52JtTwv0mWdEouBwHWbKI=
195,-85,cqfKQGYOSlc32jSSksedlKRteXE=,pjPXvE52JtTwv0mWdEouBwHWbKI=
194,-85,cqfKQGYOSlc32jSSksedlKRteXE=,pjPXvE52JtTwv0mWdEouBwHWbKI=
193,-85,cqfKQGYOSlc32jSSksedlKRteXE=,pjPXvE52JtTwv0mWdEouBwHWbKI=
192,-85,cqfKQGYOSlc32jSSksedlKRteXE=,pjPXvE52JtTwv0mWdEouBwHWbKI=
202,-95,cqfKQGYOSlc32jSSksedlKRteXE=,pjPXvE52JtTwv0mWdEouBwHWbKI=
204,-85,cqfKQGYOSlc32jSSksedlKRteXE=,pjPXvE52JtTwv0mWdEouBwHWbKI=
199,-85,cqfKQGYOSlc32jSSksedlKRteXE=,pjPXvE52JtTwv0mWdEouBwHWbKI=
202,-89,cqfKQGYOSlc32jSSksedlKRteXE=,pjPXvE52JtTwv0mWdEouBwHWbKI=
203,-89,cqfKQGYOSlc32jSSksedlKRteXE=,pjPXvE52JtTwv0mWdEouBwHWbKI=
202,-85,cqfKQGYOSlc32jSSksedlKRteXE=,pjPXvE52JtTwv0mWdEouBwHWbKI=
201,-85,cqfKQGYOSlc32jSSksedlKRteXE=,pjPXvE52JtTwv0mWdEouBwHWbKI=
200,-85,cqfKQGYOSlc32jSSksedlKRteXE=,pjPXvE52JtTwv0mWdEouBwHWbKI=
204,-89,cqfKQGYOSlc32jSSksedlKRteXE=,pjPXvE52JtTwv0mWdEouBwHWbKI=
206,-86,cqfKQGYOSlc32jSSksedlKRteXE=,pjPXvE52JtTwv0mWdEouBwHWbKI=
207,-86,cqfKQGYOSlc32jSSksedlKRteXE=,pjPXvE52JtTwv0mWdEouBwHWbKI=
205,-89,cqfKQGYOSlc32jSSksedlKRteXE=,pjPXvE52JtTwv0mWdEouBwHWbKI=
202,-86,cqfKQGYOSlc32jSSksedlKRteXE=,pjPXvE52JtTwv0mWdEouBwHWbKI=
205,-86,cqfKQGYOSlc32jSSksedlKRteXE=,pjPXvE52JtTwv0mWdEouBwHWbKI=
201,-86,cqfKQGYOSlc32jSSksedlKRteXE=,pjPXvE52JtTwv0mWdEouBwHWbKI=
204,-96,cqfKQGYOSlc32jSSksedlKRteXE=,pjPXvE52JtTwv0mWdEouBwHWbKI=
197,-93,cqfKQGYOSlc32jSSksedlKRteXE=,pjPXvE52JtTwv0mWdEouBwHWbKI=
197,-86,cqfKQGYOSlc32jSSksedlKRteXE=,pjPXvE52JtTwv0mWdEouBwHWbKI=
196,-86,cqfKQGYOSlc32jSSksedlKRteXE=,pjPXvE52JtTwv0mWdEouBwHWbKI=
195,-86,cqfKQGYOSlc32jSSksedlKRteXE=,pjPXvE52JtTwv0mWdEouBwHWbKI=
194,-86,cqfKQGYOSlc32jSSksedlKRteXE=,pjPXvE52JtTwv0mWdEouBwHWbKI=
193,-86,cqfKQGYOSlc32jSSksedlKRteXE=,pjPXvE52JtTwv0mWdEouBwHWbKI=
192,-86,cqfKQGYOSlc32jSSksedlKRteXE=,pjPXvE52JtTwv0mWdEouBwHWbKI=
201,-95,cqfKQGYOSlc32jSSksedlKRteXE=,pjPXvE52JtTwv0mWdEouBwHWbKI=
204,-86,cqfKQGYOSlc32jSSksedlKRteXE=,pjPXvE52JtTwv0mWdEouBwHWbKI=
198,-86,cqfKQGYOSlc32jSSksedlKRteXE=,pjPXvE52JtTwv0mWdEouBwHWbKI=
200,-86,cqfKQGYOSlc32jSSksedlKRteXE=,pjPXvE52JtTwv0mWdEouBwHWbKI=
199,-86,cqfKQGYOSlc32jSSksedlKRteXE=,pjPXvE52JtTwv0mWdEouBwHWbKI=
203,-86,cqfKQGYOSlc32jSSksedlKRteXE=,pjPXvE52JtTwv0mWdEouBwHWbKI=
206,-89,cqfKQGYOSlc32jSSksedlKRteXE=,pjPXvE52JtTwv0mWdEouBwHWbKI=
207,-89,cqfKQGYOSlc32jSSksedlKRteXE=,pjPXvE52JtTwv0mWdEouBwHWbKI=
199,-95,cqfKQGYOSlc32jSSksedlKRteXE=,pjPXvE52JtTwv0mWdEouBwHWbKI=
192,-88,cqfKQGYOSlc32jSSksedlKRteXE=,pjPXvE52JtTwv0mWdEouBwHWbKI=
193,-88,cqfKQGYOSlc32jSSksedlKRteXE=,pjPXvE52JtTwv0mWdEouBwHWbKI=
194,-88,cqfKQGYOSlc32jSSksedlKRteXE=,pjPXvE52JtTwv0mWdEouBwHWbKI=
195,-88,cqfKQGYOSlc32jSSksedlKRteXE=,pjPXvE52JtTwv0mWdEouBwHWbKI=
196,-88,cqfKQGYOSlc32jSSksedlKRteXE=,pjPXvE52JtTwv0mWdEouBwHWbKI=
197,-88,cqfKQGYOSlc32jSSksedlKRteXE=,pjPXvE52JtTwv0mWdEouBwHWbKI=
198,-88,cqfKQGYOSlc32jSSksedlKRteXE=,pjPXvE52JtTwv0mWdEouBwHWbKI=
199,-88,cqfKQGYOSlc32jSSksedlKRteXE=,pjPXvE52JtTwv0mWdEouBwHWbKI=
195,-93,cqfKQGYOSlc32jSSksedlKRteXE=,pjPXvE52JtTwv0mWdEouBwHWbKI=
202,-96,cqfKQGYOSlc32jSSksedlKRteXE=,pjPXvE52JtTwv0mWdEouBwHWbKI=
202,-87,cqfKQGYOSlc32jSSksedlKRteXE=,pjPXvE52JtTwv0mWdEouBwHWbKI=
206,-87,cqfKQGYOSlc32jSSksedlKRteXE=,pjPXvE52JtTwv0mWdEouBwHWbKI=
200,-87,cqfKQGYOSlc32jSSksedlKRteXE=,pjPXvE52JtTwv0mWdEouBwHWbKI=
207,-87,cqfKQGYOSlc32jSSksedlKRteXE=,pjPXvE52JtTwv0mWdEouBwHWbKI=
203,-96,cqfKQGYOSlc32jSSksedlKRteXE=,pjPXvE52JtTwv0mWdEouBwHWbKI=
196,-93,cqfKQGYOSlc32jSSksedlKRteXE=,pjPXvE52JtTwv0mWdEouBwHWbKI=
198,-87,cqfKQGYOSlc32jSSksedlKRteXE=,pjPXvE52JtTwv0mWdEouBwHWbKI=
197,-87,cqfKQGYOSlc32jSSksedlKRteXE=,pjPXvE52JtTwv0mWdEouBwHWbKI=
196,-87,cqfKQGYOSlc32jSSksedlKRteXE=,pjPXvE52JtTwv0mWdEouBwHWbKI=
195,-87,cqfKQGYOSlc32jSSksedlKRteXE=,pjPXvE52JtTwv0mWdEouBwHWbKI=
194,-87,cqfKQGYOSlc32jSSksedlKRteXE=,pjPXvE52JtTwv0mWdEouBwHWbKI=
193,-87,cqfKQGYOSlc32jSSksedlKRteXE=,pjPXvE52JtTwv0mWdEouBwHWbKI=
192,-87,cqfKQGYOSlc32jSSksedlKRteXE=,pjPXvE52JtTwv0mWdEouBwHWbKI=
200,-95,cqfKQGYOSlc32jSSksedlKRteXE=,pjPXvE52JtTwv0mWdEouBwHWbKI=
201,-87,cqfKQGYOSlc32jSSksedlKRteXE=,pjPXvE52JtTwv0mWdEouBwHWbKI=
206,-88,cqfKQGYOSlc32jSSksedlKRteXE=,pjPXvE52JtTwv0mWdEouBwHWbKI=
205,-87,cqfKQGYOSlc32jSSksedlKRteXE=,pjPXvE52JtTwv0mWdEouBwHWbKI=
199,-87,cqfKQGYOSlc32jSSksedlKRteXE=,pjPXvE52JtTwv0mWdEouBwHWbKI=
204,-87,cqfKQGYOSlc32jSSksedlKRteXE=,pjPXvE52JtTwv0mWdEouBwHWbKI=
207,-88,cqfKQGYOSlc32jSSksedlKRteXE=,pjPXvE52JtTwv0mWdEouBwHWbKI=
203,-87,cqfKQGYOSlc32jSSksedlKRteXE=,pjPXvE52JtTwv0mWdEouBwHWbKI=
203,-88,cqfKQGYOSlc32jSSksedlKRteXE=,pjPXvE52JtTwv0mWdEouBwHWbKI=
202,-88,cqfKQGYOSlc32jSSksedlKRteXE=,pjPXvE52JtTwv0mWdEouBwHWbKI=
200,-88,cqfKQGYOSlc32jSSksedlKRteXE=,pjPXvE52JtTwv0mWdEouBwHWbKI=
205,-88,cqfKQGYOSlc32jSSksedlKRteXE=,pjPXvE52JtTwv0mWdEouBwHWbKI=
204,-88,cqfKQGYOSlc32jSSksedlKRteXE=,pjPXvE52JtTwv0mWdEouBwHWbKI=
201,-88,cqfKQGYOSlc32jSSksedlKRteXE=,pjPXvE52JtTwv0mWdEouBwHWbKI=
206,-78,2S5EaeBXRNv97pkfMqIWXoefF64=,d3+zwfqC/8Y9htzMMLgQ7J9+FGU=
205,-78,pW3mE3Z6lDslqJ9+tTzsKFgG+ms=,d3+zwfqC/8Y9htzMMLgQ7J9+FGU=
206,-65,2S5EaeBXRNv97pkfMqIWXoefF64=,d3+zwfqC/8Y9htzMMLgQ7J9+FGU=
195,-80,2S5EaeBXRNv97pkfMqIWXoefF64=,d3+zwfqC/8Y9htzMMLgQ7J9+FGU=
202,-65,2S5EaeBXRNv97pkfMqIWXoefF64=,d3+zwfqC/8Y9htzMMLgQ7J9+FGU=
207,-65,2S5EaeBXRNv97pkfMqIWXoefF64=,d3+zwfqC/8Y9htzMMLgQ7J9+FGU=
205,-65,2S5EaeBXRNv97pkfMqIWXoefF64=,d3+zwfqC/8Y9htzMMLgQ7J9+FGU=
198,-65,2S5EaeBXRNv97pkfMqIWXoefF64=,d3+zwfqC/8Y9htzMMLgQ7J9+FGU=
204,-65,2S5EaeBXRNv97pkfMqIWXoefF64=,d3+zwfqC/8Y9htzMMLgQ7J9+FGU=
199,-65,2S5EaeBXRNv97pkfMqIWXoefF64=,d3+zwfqC/8Y9htzMMLgQ7J9+FGU=
201,-65,2S5EaeBXRNv97pkfMqIWXoefF64=,d3+zwfqC/8Y9htzMMLgQ7J9+FGU=
203,-65,2S5EaeBXRNv97pkfMqIWXoefF64=,d3+zwfqC/8Y9htzMMLgQ7J9+FGU=
200,-65,2S5EaeBXRNv97pkfMqIWXoefF64=,d3+zwfqC/8Y9htzMMLgQ7J9+FGU=
195,-65,2S5EaeBXRNv97pkfMqIWXoefF64=,d3+zwfqC/8Y9htzMMLgQ7J9+FGU=
206,-79,2S5EaeBXRNv97pkfMqIWXoefF64=,d3+zwfqC/8Y9htzMMLgQ7J9+FGU=
196,-65,2S5EaeBXRNv97pkfMqIWXoefF64=,d3+zwfqC/8Y9htzMMLgQ7J9+FGU=
205,-79,2S5EaeBXRNv97pkfMqIWXoefF64=,d3+zwfqC/8Y9htzMMLgQ7J9+FGU=
204,-79,2S5EaeBXRNv97pkfMqIWXoefF64=,d3+zwfqC/8Y9htzMMLgQ7J9+FGU=
194,-65,2S5EaeBXRNv97pkfMqIWXoefF64=,d3+zwfqC/8Y9htzMMLgQ7J9+FGU=
197,-65,2S5EaeBXRNv97pkfMqIWXoefF64=,d3+zwfqC/8Y9htzMMLgQ7J9+FGU=
207,-79,2S5EaeBXRNv97pkfMqIWXoefF64=,d3+zwfqC/8Y9htzMMLgQ7J9+FGU=
201,-79,2S5EaeBXRNv97pkfMqIWXoefF64=,d3+zwfqC/8Y9htzMMLgQ7J9+FGU=
202,-79,2S5EaeBXRNv97pkfMqIWXoefF64=,d3+zwfqC/8Y9htzMMLgQ7J9+FGU=
203,-79,2S5EaeBXRNv97pkfMqIWXoefF64=,d3+zwfqC/8Y9htzMMLgQ7J9+FGU=
196,-79,2S5EaeBXRNv97pkfMqIWXoefF64=,d3+zwfqC/8Y9htzMMLgQ7J9+FGU=
193,-65,2S5EaeBXRNv97pkfMqIWXoefF64=,d3+zwfqC/8Y9htzMMLgQ7J9+FGU=
200,-79,2S5EaeBXRNv97pkfMqIWXoefF64=,d3+zwfqC/8Y9htzMMLgQ7J9+FGU=
199,-79,2S5EaeBXRNv97pkfMqIWXoefF64=,d3+zwfqC/8Y9htzMMLgQ7J9+FGU=
193,-79,2S5EaeBXRNv97pkfMqIWXoefF64=,d3+zwfqC/8Y9htzMMLgQ7J9+FGU=
197,-79,2S5EaeBXRNv97pkfMqIWXoefF64=,d3+zwfqC/8Y9htzMMLgQ7J9+FGU=
206,-66,2S5EaeBXRNv97pkfMqIWXoefF64=,d3+zwfqC/8Y9htzMMLgQ7J9+FGU=
195,-79,2S5EaeBXRNv97pkfMqIWXoefF64=,d3+zwfqC/8Y9htzMMLgQ7J9+FGU=
194,-79,2S5EaeBXRNv97pkfMqIWXoefF64=,d3+zwfqC/8Y9htzMMLgQ7J9+FGU=
198,-79,2S5EaeBXRNv97pkfMqIWXoefF64=,d3+zwfqC/8Y9htzMMLgQ7J9+FGU=
207,-66,2S5EaeBXRNv97pkfMqIWXoefF64=,d3+zwfqC/8Y9htzMMLgQ7J9+FGU=
192,-65,2S5EaeBXRNv97pkfMqIWXoefF64=,d3+zwfqC/8Y9htzMMLgQ7J9+FGU=
204,-78,2S5EaeBXRNv97pkfMqIWXoefF64=,d3+zwfqC/8Y9htzMMLgQ7J9+FGU=
194,-80,2S5EaeBXRNv97pkfMqIWXoefF64=,d3+zwfqC/8Y9htzMMLgQ7J9+FGU=
205,-66,2S5EaeBXRNv97pkfMqIWXoefF64=,d3+zwfqC/8Y9htzMMLgQ7J9+FGU=
199,-66,2S5EaeBXRNv97pkfMqIWXoefF64=,d3+zwfqC/8Y9htzMMLgQ7J9+FGU=
201,-66,2S5EaeBXRNv97pkfMqIWXoefF64=,d3+zwfqC/8Y9htzMMLgQ7J9+FGU=
200,-66,2S5EaeBXRNv97pkfMqIWXoefF64=,d3+zwfqC/8Y9htzMMLgQ7J9+FGU=
204,-66,2S5EaeBXRNv97pkfMqIWXoefF64=,d3+zwfqC/8Y9htzMMLgQ7J9+FGU=
198,-66,2S5EaeBXRNv97pkfMqIWXoefF64=,d3+zwfqC/8Y9htzMMLgQ7J9+FGU=
203,-66,2S5EaeBXRNv97pkfMqIWXoefF64=,d3+zwfqC/8Y9htzMMLgQ7J9+FGU=
195,-66,2S5EaeBXRNv97pkfMqIWXoefF64=,d3+zwfqC/8Y9htzMMLgQ7J9+FGU=
193,-66,2S5EaeBXRNv97pkfMqIWXoefF64=,d3+zwfqC/8Y9htzMMLgQ7J9+FGU=
192,-66,2S5EaeBXRNv97pkfMqIWXoefF64=,d3+zwfqC/8Y9htzMMLgQ7J9+FGU=
202,-66,2S5EaeBXRNv97pkfMqIWXoefF64=,d3+zwfqC/8Y9htzMMLgQ7J9+FGU=
196,-66,2S5EaeBXRNv97pkfMqIWXoefF64=,d3+zwfqC/8Y9htzMMLgQ7J9+FGU=
197,-66,2S5EaeBXRNv97pkfMqIWXoefF64=,d3+zwfqC/8Y9htzMMLgQ7J9+FGU=
205,-67,2S5EaeBXRNv97pkfMqIWXoefF64=,d3+zwfqC/8Y9htzMMLgQ7J9+FGU=
206,-67,2S5EaeBXRNv97pkfMqIWXoefF64=,d3+zwfqC/8Y9htzMMLgQ7J9+FGU=
194,-66,2S5EaeBXRNv97pkfMqIWXoefF64=,d3+zwfqC/8Y9htzMMLgQ7J9+FGU=
192,-79,2S5EaeBXRNv97pkfMqIWXoefF64=,d3+zwfqC/8Y9htzMMLgQ7J9+FGU=
207,-67,2S5EaeBXRNv97pkfMqIWXoefF64=,d3+zwfqC/8Y9htzMMLgQ7J9+FGU=
204,-67,2S5EaeBXRNv97pkfMqIWXoefF64=,d3+zwfqC/8Y9htzMMLgQ7J9+FGU=
203,-78,2S5EaeBXRNv97pkfMqIWXoefF64=,d3+zwfqC/8Y9htzMMLgQ7J9+FGU=
200,-67,2S5EaeBXRNv97pkfMqIWXoefF64=,d3+zwfqC/8Y9htzMMLgQ7J9+FGU=
207,-80,2S5EaeBXRNv97pkfMqIWXoefF64=,d3+zwfqC/8Y9htzMMLgQ7J9+FGU=
202,-67,2S5EaeBXRNv97pkfMqIWXoefF64=,d3+zwfqC/8Y9htzMMLgQ7J9+FGU=
203,-67,2S5EaeBXRNv97pkfMqIWXoefF64=,d3+zwfqC/8Y9htzMMLgQ7J9+FGU=
197,-67,2S5EaeBXRNv97pkfMqIWXoefF64=,d3+zwfqC/8Y9htzMMLgQ7J9+FGU=
198,-67,2S5EaeBXRNv97pkfMqIWXoefF64=,d3+zwfqC/8Y9htzMMLgQ7J9+FGU=
201,-67,2S5EaeBXRNv97pkfMqIWXoefF64=,d3+zwfqC/8Y9htzMMLgQ7J9+FGU=
193,-67,2S5EaeBXRNv97pkfMqIWXoefF64=,d3+zwfqC/8Y9htzMMLgQ7J9+FGU=
199,-67,2S5EaeBXRNv97pkfMqIWXoefF64=,d3+zwfqC/8Y9htzMMLgQ7J9+FGU=
194,-67,2S5EaeBXRNv97pkfMqIWXoefF64=,d3+zwfqC/8Y9htzMMLgQ7J9+FGU=
193,-80,2S5EaeBXRNv97pkfMqIWXoefF64=,d3+zwfqC/8Y9htzMMLgQ7J9+FGU=
195,-67,2S5EaeBXRNv97pkfMqIWXoefF64=,d3+zwfqC/8Y9htzMMLgQ7J9+FGU=
196,-67,2S5EaeBXRNv97pkfMqIWXoefF64=,d3+zwfqC/8Y9htzMMLgQ7J9+FGU=
192,-67,2S5EaeBXRNv97pkfMqIWXoefF64=,d3+zwfqC/8Y9htzMMLgQ7J9+FGU=
206,-68,2S5EaeBXRNv97pkfMqIWXoefF64=,d3+zwfqC/8Y9htzMMLgQ7J9+FGU=
205,-68,2S5EaeBXRNv97pkfMqIWXoefF64=,d3+zwfqC/8Y9htzMMLgQ7J9+FGU=
207,-68,2S5EaeBXRNv97pkfMqIWXoefF64=,d3+zwfqC/8Y9htzMMLgQ7J9+FGU=
206,-80,2S5EaeBXRNv97pkfMqIWXoefF64=,d3+zwfqC/8Y9htzMMLgQ7J9+FGU=
202,-78,2S5EaeBXRNv97pkfMqIWXoefF64=,d3+zwfqC/8Y9htzMMLgQ7J9+FGU=
204,-68,2S5EaeBXRNv97pkfMqIWXoefF64=,d3+zwfqC/8Y9htzMMLgQ7J9+FGU=
198,-68,2S5EaeBXRNv97pkfMqIWXoefF64=,d3+zwfqC/8Y9htzMMLgQ7J9+FGU=
200,-68,2S5EaeBXRNv97pkfMqIWXoefF64=,d3+zwfqC/8Y9htzMMLgQ7J9+FGU=
203,-68,2S5EaeBXRNv97pkfMqIWXoefF64=,d3+zwfqC/8Y9htzMMLgQ7J9+FGU=
199,-68,2S5EaeBXRNv97pkfMqIWXoefF64=,d3+zwfqC/8Y9htzMMLgQ7J9+FGU=
197,-68,2S5EaeBXRNv97pkfMqIWXoefF64=,d3+zwfqC/8Y9htzMMLgQ7J9+FGU=
201,-68,2S5EaeBXRNv97pkfMqIWXoefF64=,d3+zwfqC/8Y9htzMMLgQ7J9+FGU=
202,-68,2S5EaeBXRNv97pkfMqIWXoefF64=,d3+zwfqC/8Y9htzMMLgQ7J9+FGU=
192,-68,2S5EaeBXRNv97pkfMqIWXoefF64=,d3+zwfqC/8Y9htzMMLgQ7J9+FGU=
193,-68,2S5EaeBXRNv97pkfMqIWXoefF64=,d3+zwfqC/8Y9htzMMLgQ7J9+FGU=
194,-68,2S5EaeBXRNv97pkfMqIWXoefF64=,d3+zwfqC/8Y9htzMMLgQ7J9+FGU=
196,-68,2S5EaeBXRNv97pkfMqIWXoefF64=,d3+zwfqC/8Y9htzMMLgQ7J9+FGU=
195,-68,2S5EaeBXRNv97pkfMqIWXoefF64=,d3+zwfqC/8Y9htzMMLgQ7J9+FGU=
205,-69,2S5EaeBXRNv97pkfMqIWXoefF64=,d3+zwfqC/8Y9htzMMLgQ7J9+FGU=
206,-69,2S5EaeBXRNv97pkfMqIWXoefF64=,d3+zwfqC/8Y9htzMMLgQ7J9+FGU=
204,-69,2S5EaeBXRNv97pkfMqIWXoefF64=,d3+zwfqC/8Y9htzMMLgQ7J9+FGU=
203,-69,2S5EaeBXRNv97pkfMqIWXoefF64=,d3+zwfqC/8Y9htzMMLgQ7J9+FGU=
207,-69,2S5EaeBXRNv97pkfMqIWXoefF64=,d3+zwfqC/8Y9htzMMLgQ7J9+FGU=
200,-69,2S5EaeBXRNv97pkfMqIWXoefF64=,d3+zwfqC/8Y9htzMMLgQ7J9+FGU=
205,-80,2S5EaeBXRNv97pkfMqIWXoefF64=,d3+zwfqC/8Y9htzMMLgQ7J9+FGU=
201,-69,2S5EaeBXRNv97pkfMqIWXoefF64=,d3+zwfqC/8Y9htzMMLgQ7J9+FGU=
202,-69,2S5EaeBXRNv97pkfMqIWXoefF64=,d3+zwfqC/8Y9htzMMLgQ7J9+FGU=
199,-69,2S5EaeBXRNv97pkfMqIWXoefF64=,d3+zwfqC/8Y9htzMMLgQ7J9+FGU=
201,-78,2S5EaeBXRNv97pkfMqIWXoefF64=,d3+zwfqC/8Y9htzMMLgQ7J9+FGU=
193,-69,2S5EaeBXRNv97pkfMqIWXoefF64=,d3+zwfqC/8Y9htzMMLgQ7J9+FGU=
198,-69,2S5EaeBXRNv97pkfMqIWXoefF64=,d3+zwfqC/8Y9htzMMLgQ7J9+FGU=
197,-69,2S5EaeBXRNv97pkfMqIWXoefF64=,d3+zwfqC/8Y9htzMMLgQ7J9+FGU=
192,-69,2S5EaeBXRNv97pkfMqIWXoefF64=,d3+zwfqC/8Y9htzMMLgQ7J9+FGU=
196,-69,2S5EaeBXRNv97pkfMqIWXoefF64=,d3+zwfqC/8Y9htzMMLgQ7J9+FGU=
195,-69,2S5EaeBXRNv97pkfMqIWXoefF64=,d3+zwfqC/8Y9htzMMLgQ7J9+FGU=
194,-69,2S5EaeBXRNv97pkfMqIWXoefF64=,d3+zwfqC/8Y9htzMMLgQ7J9+FGU=
207,-70,2S5EaeBXRNv97pkfMqIWXoefF64=,d3+zwfqC/8Y9htzMMLgQ7J9+FGU=
202,-70,2S5EaeBXRNv97pkfMqIWXoefF64=,d3+zwfqC/8Y9htzMMLgQ7J9+FGU=
205,-70,2S5EaeBXRNv97pkfMqIWXoefF64=,d3+zwfqC/8Y9htzMMLgQ7J9+FGU=
204,-70,2S5EaeBXRNv97pkfMqIWXoefF64=,d3+zwfqC/8Y9htzMMLgQ7J9+FGU=
206,-70,2S5EaeBXRNv97pkfMqIWXoefF64=,d3+zwfqC/8Y9htzMMLgQ7J9+FGU=
203,-70,2S5EaeBXRNv97pkfMqIWXoefF64=,d3+zwfqC/8Y9htzMMLgQ7J9+FGU=
204,-80,2S5EaeBXRNv97pkfMqIWXoefF64=,d3+zwfqC/8Y9htzMMLgQ7J9+FGU=
200,-78,2S5EaeBXRNv97pkfMqIWXoefF64=,d3+zwfqC/8Y9htzMMLgQ7J9+FGU=
201,-70,2S5EaeBXRNv97pkfMqIWXoefF64=,d3+zwfqC/8Y9htzMMLgQ7J9+FGU=
196,-70,2S5EaeBXRNv97pkfMqIWXoefF64=,d3+zwfqC/8Y9htzMMLgQ7J9+FGU=
200,-70,2S5EaeBXRNv97pkfMqIWXoefF64=,d3+zwfqC/8Y9htzMMLgQ7J9+FGU=
195,-70,2S5EaeBXRNv97pkfMqIWXoefF64=,d3+zwfqC/8Y9htzMMLgQ7J9+FGU=
198,-70,2S5EaeBXRNv97pkfMqIWXoefF64=,d3+zwfqC/8Y9htzMMLgQ7J9+FGU=
193,-70,2S5EaeBXRNv97pkfMqIWXoefF64=,d3+zwfqC/8Y9htzMMLgQ7J9+FGU=
197,-70,2S5EaeBXRNv97pkfMqIWXoefF64=,d3+zwfqC/8Y9htzMMLgQ7J9+FGU=
192,-70,2S5EaeBXRNv97pkfMqIWXoefF64=,d3+zwfqC/8Y9htzMMLgQ7J9+FGU=
194,-70,2S5EaeBXRNv97pkfMqIWXoefF64=,d3+zwfqC/8Y9htzMMLgQ7J9+FGU=
199,-70,2S5EaeBXRNv97pkfMqIWXoefF64=,d3+zwfqC/8Y9htzMMLgQ7J9+FGU=
207,-71,2S5EaeBXRNv97pkfMqIWXoefF64=,d3+zwfqC/8Y9htzMMLgQ7J9+FGU=
204,-71,2S5EaeBXRNv97pkfMqIWXoefF64=,d3+zwfqC/8Y9htzMMLgQ7J9+FGU=
206,-71,2S5EaeBXRNv97pkfMqIWXoefF64=,d3+zwfqC/8Y9htzMMLgQ7J9+FGU=
203,-71,2S5EaeBXRNv97pkfMqIWXoefF64=,d3+zwfqC/8Y9htzMMLgQ7J9+FGU=
205,-71,2S5EaeBXRNv97pkfMqIWXoefF64=,d3+zwfqC/8Y9htzMMLgQ7J9+FGU=
201,-71,2S5EaeBXRNv97pkfMqIWXoefF64=,d3+zwfqC/8Y9htzMMLgQ7J9+FGU=
202,-71,2S5EaeBXRNv97pkfMqIWXoefF64=,d3+zwfqC/8Y9htzMMLgQ7J9+FGU=
203,-80,2S5EaeBXRNv97pkfMqIWXoefF64=,d3+zwfqC/8Y9htzMMLgQ7J9+FGU=
199,-78,2S5EaeBXRNv97pkfMqIWXoefF64=,d3+zwfqC/8Y9htzMMLgQ7J9+FGU=
199,-71,2S5EaeBXRNv97pkfMqIWXoefF64=,d3+zwfqC/8Y9htzMMLgQ7J9+FGU=
195,-71,2S5EaeBXRNv97pkfMqIWXoefF64=,d3+zwfqC/8Y9htzMMLgQ7J9+FGU=
200,-71,2S5EaeBXRNv97pkfMqIWXoefF64=,d3+zwfqC/8Y9htzMMLgQ7J9+FGU=
198,-71,2S5EaeBXRNv97pkfMqIWXoefF64=,d3+zwfqC/8Y9htzMMLgQ7J9+FGU=
196,-71,2S5EaeBXRNv97pkfMqIWXoefF64=,d3+zwfqC/8Y9htzMMLgQ7J9+FGU=
197,-71,2S5EaeBXRNv97pkfMqIWXoefF64=,d3+zwfqC/8Y9htzMMLgQ7J9+FGU=
192,-71,2S5EaeBXRNv97pkfMqIWXoefF64=,d3+zwfqC/8Y9htzMMLgQ7J9+FGU=
193,-71,2S5EaeBXRNv97pkfMqIWXoefF64=,d3+zwfqC/8Y9htzMMLgQ7J9+FGU=
194,-71,2S5EaeBXRNv97pkfMqIWXoefF64=,d3+zwfqC/8Y9htzMMLgQ7J9+FGU=
207,-72,2S5EaeBXRNv97pkfMqIWXoefF64=,d3+zwfqC/8Y9htzMMLgQ7J9+FGU=
205,-72,2S5EaeBXRNv97pkfMqIWXoefF64=,d3+zwfqC/8Y9htzMMLgQ7J9+FGU=
206,-72,2S5EaeBXRNv97pkfMqIWXoefF64=,d3+zwfqC/8Y9htzMMLgQ7J9+FGU=
203,-72,2S5EaeBXRNv97pkfMqIWXoefF64=,d3+zwfqC/8Y9htzMMLgQ7J9+FGU=
202,-72,2S5EaeBXRNv97pkfMqIWXoefF64=,d3+zwfqC/8Y9htzMMLgQ7J9+FGU=
204,-72,2S5EaeBXRNv97pkfMqIWXoefF64=,d3+zwfqC/8Y9htzMMLgQ7J9+FGU=
201,-72,2S5EaeBXRNv97pkfMqIWXoefF64=,d3+zwfqC/8Y9htzMMLgQ7J9+FGU=
196,-72,2S5EaeBXRNv97pkfMqIWXoefF64=,d3+zwfqC/8Y9htzMMLgQ7J9+FGU=
200,-72,2S5EaeBXRNv97pkfMqIWXoefF64=,d3+zwfqC/8Y9htzMMLgQ7J9+FGU=
202,-80,2S5EaeBXRNv97pkfMqIWXoefF64=,d3+zwfqC/8Y9htzMMLgQ7J9+FGU=
199,-72,2S5EaeBXRNv97pkfMqIWXoefF64=,d3+zwfqC/8Y9htzMMLgQ7J9+FGU=
198,-78,2S5EaeBXRNv97pkfMqIWXoefF64=,d3+zwfqC/8Y9htzMMLgQ7J9+FGU=
197,-72,2S5EaeBXRNv97pkfMqIWXoefF64=,d3+zwfqC/8Y9htzMMLgQ7J9+FGU=
195,-72,2S5EaeBXRNv97pkfMqIWXoefF64=,d3+zwfqC/8Y9htzMMLgQ7J9+FGU=
198,-72,2S5EaeBXRNv97pkfMqIWXoefF64=,d3+zwfqC/8Y9htzMMLgQ7J9+FGU=
194,-72,2S5EaeBXRNv97pkfMqIWXoefF64=,d3+zwfqC/8Y9htzMMLgQ7J9+FGU=
193,-72,2S5EaeBXRNv97pkfMqIWXoefF64=,d3+zwfqC/8Y9htzMMLgQ7J9+FGU=
192,-72,2S5EaeBXRNv97pkfMqIWXoefF64=,d3+zwfqC/8Y9htzMMLgQ7J9+FGU=
203,-73,2S5EaeBXRNv97pkfMqIWXoefF64=,d3+zwfqC/8Y9htzMMLgQ7J9+FGU=
207,-73,2S5EaeBXRNv97pkfMqIWXoefF64=,d3+zwfqC/8Y9htzMMLgQ7J9+FGU=
201,-73,2S5EaeBXRNv97pkfMqIWXoefF64=,d3+zwfqC/8Y9htzMMLgQ7J9+FGU=
205,-73,2S5EaeBXRNv97pkfMqIWXoefF64=,d3+zwfqC/8Y9htzMMLgQ7J9+FGU=
206,-73,2S5EaeBXRNv97pkfMqIWXoefF64=,d3+zwfqC/8Y9htzMMLgQ7J9+FGU=
204,-73,2S5EaeBXRNv97pkfMqIWXoefF64=,d3+zwfqC/8Y9htzMMLgQ7J9+FGU=
202,-73,2S5EaeBXRNv97pkfMqIWXoefF64=,d3+zwfqC/8Y9htzMMLgQ7J9+FGU=
197,-78,2S5EaeBXRNv97pkfMqIWXoefF64=,d3+zwfqC/8Y9htzMMLgQ7J9+FGU=
201,-80,2S5EaeBXRNv97pkfMqIWXoefF64=,d3+zwfqC/8Y9htzMMLgQ7J9+FGU=
199,-73,2S5EaeBXRNv97pkfMqIWXoefF64=,d3+zwfqC/8Y9htzMMLgQ7J9+FGU=
198,-73,2S5EaeBXRNv97pkfMqIWXoefF64=,d3+zwfqC/8Y9htzMMLgQ7J9+FGU=
200,-73,2S5EaeBXRNv97pkfMqIWXoefF64=,d3+zwfqC/8Y9htzMMLgQ7J9+FGU=
193,-73,2S5EaeBXRNv97pkfMqIWXoefF64=,d3+zwfqC/8Y9htzMMLgQ7J9+FGU=
195,-73,2S5EaeBXRNv97pkfMqIWXoefF64=,d3+zwfqC/8Y9htzMMLgQ7J9+FGU=
194,-73,2S5EaeBXRNv97pkfMqIWXoefF64=,d3+zwfqC/8Y9htzMMLgQ7J9+FGU=
197,-73,2S5EaeBXRNv97pkfMqIWXoefF64=,d3+zwfqC/8Y9htzMMLgQ7J9+FGU=
192,-73,2S5EaeBXRNv97pkfMqIWXoefF64=,d3+zwfqC/8Y9htzMMLgQ7J9+FGU=
196,-73,2S5EaeBXRNv97pkfMqIWXoefF64=,d3+zwfqC/8Y9htzMMLgQ7J9+FGU=
206,-74,2S5EaeBXRNv97pkfMqIWXoefF64=,d3+zwfqC/8Y9htzMMLgQ7J9+FGU=
205,-74,2S5EaeBXRNv97pkfMqIWXoefF64=,d3+zwfqC/8Y9htzMMLgQ7J9+FGU=
199,-74,2S5EaeBXRNv97pkfMqIWXoefF64=,d3+zwfqC/8Y9htzMMLgQ7J9+FGU=
200,-74,2S5EaeBXRNv97pkfMqIWXoefF64=,d3+zwfqC/8Y9htzMMLgQ7J9+FGU=
198,-74,2S5EaeBXRNv97pkfMqIWXoefF64=,d3+zwfqC/8Y9htzMMLgQ7J9+FGU=
207,-74,2S5EaeBXRNv97pkfMqIWXoefF64=,d3+zwfqC/8Y9htzMMLgQ7J9+FGU=
201,-74,2S5EaeBXRNv97pkfMqIWXoefF64=,d3+zwfqC/8Y9htzMMLgQ7J9+FGU=
192,-80,2S5EaeBXRNv97pkfMqIWXoefF64=,d3+zwfqC/8Y9htzMMLgQ7J9+FGU=
202,-74,2S5EaeBXRNv97pkfMqIWXoefF64=,d3+zwfqC/8Y9htzMMLgQ7J9+FGU=
196,-78,2S5EaeBXRNv97pkfMqIWXoefF64=,d3+zwfqC/8Y9htzMMLgQ7J9+FGU=
203,-74,2S5EaeBXRNv97pkfMqIWXoefF64=,d3+zwfqC/8Y9htzMMLgQ7J9+FGU=
200,-80,2S5EaeBXRNv97pkfMqIWXoefF64=,d3+zwfqC/8Y9htzMMLgQ7J9+FGU=
197,-74,2S5EaeBXRNv97pkfMqIWXoefF64=,d3+zwfqC/8Y9htzMMLgQ7J9+FGU=
195,-74,2S5EaeBXRNv97pkfMqIWXoefF64=,d3+zwfqC/8Y9htzMMLgQ7J9+FGU=
196,-74,2S5EaeBXRNv97pkfMqIWXoefF64=,d3+zwfqC/8Y9htzMMLgQ7J9+FGU=
194,-74,2S5EaeBXRNv97pkfMqIWXoefF64=,d3+zwfqC/8Y9htzMMLgQ7J9+FGU=
192,-74,2S5EaeBXRNv97pkfMqIWXoefF64=,d3+zwfqC/8Y9htzMMLgQ7J9+FGU=
205,-75,2S5EaeBXRNv97pkfMqIWXoefF64=,d3+zwfqC/8Y9htzMMLgQ7J9+FGU=
204,-74,2S5EaeBXRNv97pkfMqIWXoefF64=,d3+zwfqC/8Y9htzMMLgQ7J9+FGU=
207,-75,2S5EaeBXRNv97pkfMqIWXoefF64=,d3+zwfqC/8Y9htzMMLgQ7J9+FGU=
193,-74,2S5EaeBXRNv97pkfMqIWXoefF64=,d3+zwfqC/8Y9htzMMLgQ7J9+FGU=
200,-75,2S5EaeBXRNv97pkfMqIWXoefF64=,d3+zwfqC/8Y9htzMMLgQ7J9+FGU=
206,-75,2S5EaeBXRNv97pkfMqIWXoefF64=,d3+zwfqC/8Y9htzMMLgQ7J9+FGU=
204,-75,2S5EaeBXRNv97pkfMqIWXoefF64=,d3+zwfqC/8Y9htzMMLgQ7J9+FGU=
198,-75,2S5EaeBXRNv97pkfMqIWXoefF64=,d3+zwfqC/8Y9htzMMLgQ7J9+FGU=
199,-75,2S5EaeBXRNv97pkfMqIWXoefF64=,d3+zwfqC/8Y9htzMMLgQ7J9+FGU=
202,-75,2S5EaeBXRNv97pkfMqIWXoefF64=,d3+zwfqC/8Y9htzMMLgQ7J9+FGU=
197,-75,2S5EaeBXRNv97pkfMqIWXoefF64=,d3+zwfqC/8Y9htzMMLgQ7J9+FGU=
201,-75,2S5EaeBXRNv97pkfMqIWXoefF64=,d3+zwfqC/8Y9htzMMLgQ7J9+FGU=
203,-75,2S5EaeBXRNv97pkfMqIWXoefF64=,d3+zwfqC/8Y9htzMMLgQ7J9+FGU=
195,-75,2S5EaeBXRNv97pkfMqIWXoefF64=,d3+zwfqC/8Y9htzMMLgQ7J9+FGU=
196,-75,2S5EaeBXRNv97pkfMqIWXoefF64=,d3+zwfqC/8Y9htzMMLgQ7J9+FGU=
195,-78,2S5EaeBXRNv97pkfMqIWXoefF64=,d3+zwfqC/8Y9htzMMLgQ7J9+FGU=
194,-75,2S5EaeBXRNv97pkfMqIWXoefF64=,d3+zwfqC/8Y9htzMMLgQ7J9+FGU=
199,-80,2S5EaeBXRNv97pkfMqIWXoefF64=,d3+zwfqC/8Y9htzMMLgQ7J9+FGU=
193,-75,2S5EaeBXRNv97pkfMqIWXoefF64=,d3+zwfqC/8Y9htzMMLgQ7J9+FGU=
198,-80,2S5EaeBXRNv97pkfMqIWXoefF64=,d3+zwfqC/8Y9htzMMLgQ7J9+FGU=
205,-76,2S5EaeBXRNv97pkfMqIWXoefF64=,d3+zwfqC/8Y9htzMMLgQ7J9+FGU=
192,-75,2S5EaeBXRNv97pkfMqIWXoefF64=,d3+zwfqC/8Y9htzMMLgQ7J9+FGU=
206,-76,2S5EaeBXRNv97pkfMqIWXoefF64=,d3+zwfqC/8Y9htzMMLgQ7J9+FGU=
201,-76,2S5EaeBXRNv97pkfMqIWXoefF64=,d3+zwfqC/8Y9htzMMLgQ7J9+FGU=
207,-76,2S5EaeBXRNv97pkfMqIWXoefF64=,d3+zwfqC/8Y9htzMMLgQ7J9+FGU=
204,-76,2S5EaeBXRNv97pkfMqIWXoefF64=,d3+zwfqC/8Y9htzMMLgQ7J9+FGU=
198,-76,2S5EaeBXRNv97pkfMqIWXoefF64=,d3+zwfqC/8Y9htzMMLgQ7J9+FGU=
203,-76,2S5EaeBXRNv97pkfMqIWXoefF64=,d3+zwfqC/8Y9htzMMLgQ7J9+FGU=
197,-76,2S5EaeBXRNv97pkfMqIWXoefF64=,d3+zwfqC/8Y9htzMMLgQ7J9+FGU=
200,-76,2S5EaeBXRNv97pkfMqIWXoefF64=,d3+zwfqC/8Y9htzMMLgQ7J9+FGU=
196,-76,2S5EaeBXRNv97pkfMqIWXoefF64=,d3+zwfqC/8Y9htzMMLgQ7J9+FGU=
195,-76,2S5EaeBXRNv97pkfMqIWXoefF64=,d3+zwfqC/8Y9htzMMLgQ7J9+FGU=
202,-76,2S5EaeBXRNv97pkfMqIWXoefF64=,d3+zwfqC/8Y9htzMMLgQ7J9+FGU=
199,-76,2S5EaeBXRNv97pkfMqIWXoefF64=,d3+zwfqC/8Y9htzMMLgQ7J9+FGU=
192,-76,2S5EaeBXRNv97pkfMqIWXoefF64=,d3+zwfqC/8Y9htzMMLgQ7J9+FGU=
193,-78,2S5EaeBXRNv97pkfMqIWXoefF64=,d3+zwfqC/8Y9htzMMLgQ7J9+FGU=
194,-76,2S5EaeBXRNv97pkfMqIWXoefF64=,d3+zwfqC/8Y9htzMMLgQ7J9+FGU=
194,-78,2S5EaeBXRNv97pkfMqIWXoefF64=,d3+zwfqC/8Y9htzMMLgQ7J9+FGU=
205,-77,2S5EaeBXRNv97pkfMqIWXoefF64=,d3+zwfqC/8Y9htzMMLgQ7J9+FGU=
206,-77,2S5EaeBXRNv97pkfMqIWXoefF64=,d3+zwfqC/8Y9htzMMLgQ7J9+FGU=
197,-80,2S5EaeBXRNv97pkfMqIWXoefF64=,d3+zwfqC/8Y9htzMMLgQ7J9+FGU=
193,-76,2S5EaeBXRNv97pkfMqIWXoefF64=,d3+zwfqC/8Y9htzMMLgQ7J9+FGU=
201,-77,2S5EaeBXRNv97pkfMqIWXoefF64=,d3+zwfqC/8Y9htzMMLgQ7J9+FGU=
207,-77,2S5EaeBXRNv97pkfMqIWXoefF64=,d3+zwfqC/8Y9htzMMLgQ7J9+FGU=
199,-77,2S5EaeBXRNv97pkfMqIWXoefF64=,d3+zwfqC/8Y9htzMMLgQ7J9+FGU=
204,-77,2S5EaeBXRNv97pkfMqIWXoefF64=,d3+zwfqC/8Y9htzMMLgQ7J9+FGU=
197,-77,2S5EaeBXRNv97pkfMqIWXoefF64=,d3+zwfqC/8Y9htzMMLgQ7J9+FGU=
198,-77,2S5EaeBXRNv97pkfMqIWXoefF64=,d3+zwfqC/8Y9htzMMLgQ7J9+FGU=
202,-77,2S5EaeBXRNv97pkfMqIWXoefF64=,d3+zwfqC/8Y9htzMMLgQ7J9+FGU=
200,-77,2S5EaeBXRNv97pkfMqIWXoefF64=,d3+zwfqC/8Y9htzMMLgQ7J9+FGU=
203,-77,2S5EaeBXRNv97pkfMqIWXoefF64=,d3+zwfqC/8Y9htzMMLgQ7J9+FGU=
196,-77,2S5EaeBXRNv97pkfMqIWXoefF64=,d3+zwfqC/8Y9htzMMLgQ7J9+FGU=
196,-80,2S5EaeBXRNv97pkfMqIWXoefF64=,d3+zwfqC/8Y9htzMMLgQ7J9+FGU=
195,-77,2S5EaeBXRNv97pkfMqIWXoefF64=,d3+zwfqC/8Y9htzMMLgQ7J9+FGU=
192,-78,2S5EaeBXRNv97pkfMqIWXoefF64=,d3+zwfqC/8Y9htzMMLgQ7J9+FGU=
194,-77,2S5EaeBXRNv97pkfMqIWXoefF64=,d3+zwfqC/8Y9htzMMLgQ7J9+FGU=
207,-78,2S5EaeBXRNv97pkfMqIWXoefF64=,d3+zwfqC/8Y9htzMMLgQ7J9+FGU=
192,-77,2S5EaeBXRNv97pkfMqIWXoefF64=,d3+zwfqC/8Y9htzMMLgQ7J9+FGU=
193,-77,2S5EaeBXRNv97pkfMqIWXoefF64=,d3+zwfqC/8Y9htzMMLgQ7J9+FGU=
220,-77,gZdXjkCjTfW+noZc2NKImcBcBhY=,dHQgonnmoH1yZ6j81Fi3rWNJ1Bg=
221,-78,V5Rr8CuGmXSL7BLBUNTHF+tTPuI=,dHQgonnmoH1yZ6j81Fi3rWNJ1Bg=
223,-79,V5Rr8CuGmXSL7BLBUNTHF+tTPuI=,dHQgonnmoH1yZ6j81Fi3rWNJ1Bg=
219,-78,V5Rr8CuGmXSL7BLBUNTHF+tTPuI=,dHQgonnmoH1yZ6j81Fi3rWNJ1Bg=
218,-78,V5Rr8CuGmXSL7BLBUNTHF+tTPuI=,dHQgonnmoH1yZ6j81Fi3rWNJ1Bg=
217,-78,V5Rr8CuGmXSL7BLBUNTHF+tTPuI=,dHQgonnmoH1yZ6j81Fi3rWNJ1Bg=
223,-65,V5Rr8CuGmXSL7BLBUNTHF+tTPuI=,dHQgonnmoH1yZ6j81Fi3rWNJ1Bg=
215,-78,V5Rr8CuGmXSL7BLBUNTHF+tTPuI=,dHQgonnmoH1yZ6j81Fi3rWNJ1Bg=
216,-78,V5Rr8CuGmXSL7BLBUNTHF+tTPuI=,dHQgonnmoH1yZ6j81Fi3rWNJ1Bg=
214,-78,V5Rr8CuGmXSL7BLBUNTHF+tTPuI=,dHQgonnmoH1yZ6j81Fi3rWNJ1Bg=
212,-78,V5Rr8CuGmXSL7BLBUNTHF+tTPuI=,dHQgonnmoH1yZ6j81Fi3rWNJ1Bg=
211,-80,V5Rr8CuGmXSL7BLBUNTHF+tTPuI=,dHQgonnmoH1yZ6j81Fi3rWNJ1Bg=
219,-77,V5Rr8CuGmXSL7BLBUNTHF+tTPuI=,dHQgonnmoH1yZ6j81Fi3rWNJ1Bg=
220,-78,V5Rr8CuGmXSL7BLBUNTHF+tTPuI=,dHQgonnmoH1yZ6j81Fi3rWNJ1Bg=
222,-65,V5Rr8CuGmXSL7BLBUNTHF+tTPuI=,dHQgonnmoH1yZ6j81Fi3rWNJ1Bg=
211,-78,V5Rr8CuGmXSL7BLBUNTHF+tTPuI=,dHQgonnmoH1yZ6j81Fi3rWNJ1Bg=
220,-65,V5Rr8CuGmXSL7BLBUNTHF+tTPuI=,dHQgonnmoH1yZ6j81Fi3rWNJ1Bg=
221,-65,V5Rr8CuGmXSL7BLBUNTHF+tTPuI=,dHQgonnmoH1yZ6j81Fi3rWNJ1Bg=
218,-65,V5Rr8CuGmXSL7BLBUNTHF+tTPuI=,dHQgonnmoH1yZ6j81Fi3rWNJ1Bg=
213,-78,V5Rr8CuGmXSL7BLBUNTHF+tTPuI=,dHQgonnmoH1yZ6j81Fi3rWNJ1Bg=
219,-65,V5Rr8CuGmXSL7BLBUNTHF+tTPuI=,dHQgonnmoH1yZ6j81Fi3rWNJ1Bg=
216,-65,V5Rr8CuGmXSL7BLBUNTHF+tTPuI=,dHQgonnmoH1yZ6j81Fi3rWNJ1Bg=
215,-65,V5Rr8CuGmXSL7BLBUNTHF+tTPuI=,dHQgonnmoH1yZ6j81Fi3rWNJ1Bg=
214,-65,V5Rr8CuGmXSL7BLBUNTHF+tTPuI=,dHQgonnmoH1yZ6j81Fi3rWNJ1Bg=
209,-78,V5Rr8CuGmXSL7BLBUNTHF+tTPuI=,dHQgonnmoH1yZ6j81Fi3rWNJ1Bg=
212,-65,V5Rr8CuGmXSL7BLBUNTHF+tTPuI=,dHQgonnmoH1yZ6j81Fi3rWNJ1Bg=
210,-78,V5Rr8CuGmXSL7BLBUNTHF+tTPuI=,dHQgonnmoH1yZ6j81Fi3rWNJ1Bg=
213,-65,V5Rr8CuGmXSL7BLBUNTHF+tTPuI=,dHQgonnmoH1yZ6j81Fi3rWNJ1Bg=
217,-65,V5Rr8CuGmXSL7BLBUNTHF+tTPuI=,dHQgonnmoH1yZ6j81Fi3rWNJ1Bg=
218,-77,V5Rr8CuGmXSL7BLBUNTHF+tTPuI=,dHQgonnmoH1yZ6j81Fi3rWNJ1Bg=
209,-65,V5Rr8CuGmXSL7BLBUNTHF+tTPuI=,dHQgonnmoH1yZ6j81Fi3rWNJ1Bg=
211,-65,V5Rr8CuGmXSL7BLBUNTHF+tTPuI=,dHQgonnmoH1yZ6j81Fi3rWNJ1Bg=
222,-79,V5Rr8CuGmXSL7BLBUNTHF+tTPuI=,dHQgonnmoH1yZ6j81Fi3rWNJ1Bg=
223,-66,V5Rr8CuGmXSL7BLBUNTHF+tTPuI=,dHQgonnmoH1yZ6j81Fi3rWNJ1Bg=
222,-66,V5Rr8CuGmXSL7BLBUNTHF+tTPuI=,dHQgonnmoH1yZ6j81Fi3rWNJ1Bg=
221,-66,V5Rr8CuGmXSL7BLBUNTHF+tTPuI=,dHQgonnmoH1yZ6j81Fi3rWNJ1Bg=
220,-66,V5Rr8CuGmXSL7BLBUNTHF+tTPuI=,dHQgonnmoH1yZ6j81Fi3rWNJ1Bg=
219,-66,V5Rr8CuGmXSL7BLBUNTHF+tTPuI=,dHQgonnmoH1yZ6j81Fi3rWNJ1Bg=
218,-66,V5Rr8CuGmXSL7BLBUNTHF+tTPuI=,dHQgonnmoH1yZ6j81Fi3rWNJ1Bg=
216,-66,V5Rr8CuGmXSL7BLBUNTHF+tTPuI=,dHQgonnmoH1yZ6j81Fi3rWNJ1Bg=
217,-66,V5Rr8CuGmXSL7BLBUNTHF+tTPuI=,dHQgonnmoH1yZ6j81Fi3rWNJ1Bg=
215,-66,V5Rr8CuGmXSL7BLBUNTHF+tTPuI=,dHQgonnmoH1yZ6j81Fi3rWNJ1Bg=
214,-66,V5Rr8CuGmXSL7BLBUNTHF+tTPuI=,dHQgonnmoH1yZ6j81Fi3rWNJ1Bg=
210,-80,V5Rr8CuGmXSL7BLBUNTHF+tTPuI=,dHQgonnmoH1yZ6j81Fi3rWNJ1Bg=
213,-66,V5Rr8CuGmXSL7BLBUNTHF+tTPuI=,dHQgonnmoH1yZ6j81Fi3rWNJ1Bg=
210,-66,V5Rr8CuGmXSL7BLBUNTHF+tTPuI=,dHQgonnmoH1yZ6j81Fi3rWNJ1Bg=
208,-65,V5Rr8CuGmXSL7BLBUNTHF+tTPuI=,dHQgonnmoH1yZ6j81Fi3rWNJ1Bg=
211,-66,V5Rr8CuGmXSL7BLBUNTHF+tTPuI=,dHQgonnmoH1yZ6j81Fi3rWNJ1Bg=
212,-66,V5Rr8CuGmXSL7BLBUNTHF+tTPuI=,dHQgonnmoH1yZ6j81Fi3rWNJ1Bg=
217,-77,V5Rr8CuGmXSL7BLBUNTHF+tTPuI=,dHQgonnmoH1yZ6j81Fi3rWNJ1Bg=
209,-66,V5Rr8CuGmXSL7BLBUNTHF+tTPuI=,dHQgonnmoH1yZ6j81Fi3rWNJ1Bg=
209,-79,V5Rr8CuGmXSL7BLBUNTHF+tTPuI=,dHQgonnmoH1yZ6j81Fi3rWNJ1Bg=
223,-67,V5Rr8CuGmXSL7BLBUNTHF+tTPuI=,dHQgonnmoH1yZ6j81Fi3rWNJ1Bg=
222,-67,V5Rr8CuGmXSL7BLBUNTHF+tTPuI=,dHQgonnmoH1yZ6j81Fi3rWNJ1Bg=
221,-67,V5Rr8CuGmXSL7BLBUNTHF+tTPuI=,dHQgonnmoH1yZ6j81Fi3rWNJ1Bg=
220,-67,V5Rr8CuGmXSL7BLBUNTHF+tTPuI=,dHQgonnmoH1yZ6j81Fi3rWNJ1Bg=
219,-67,V5Rr8CuGmXSL7BLBUNTHF+tTPuI=,dHQgonnmoH1yZ6j81Fi3rWNJ1Bg=
218,-67,V5Rr8CuGmXSL7BLBUNTHF+tTPuI=,dHQgonnmoH1yZ6j81Fi3rWNJ1Bg=
217,-67,V5Rr8CuGmXSL7BLBUNTHF+tTPuI=,dHQgonnmoH1yZ6j81Fi3rWNJ1Bg=
216,-67,V5Rr8CuGmXSL7BLBUNTHF+tTPuI=,dHQgonnmoH1yZ6j81Fi3rWNJ1Bg=
215,-67,V5Rr8CuGmXSL7BLBUNTHF+tTPuI=,dHQgonnmoH1yZ6j81Fi3rWNJ1Bg=
213,-67,V5Rr8CuGmXSL7BLBUNTHF+tTPuI=,dHQgonnmoH1yZ6j81Fi3rWNJ1Bg=
212,-67,V5Rr8CuGmXSL7BLBUNTHF+tTPuI=,dHQgonnmoH1yZ6j81Fi3rWNJ1Bg=
208,-66,V5Rr8CuGmXSL7BLBUNTHF+tTPuI=,dHQgonnmoH1yZ6j81Fi3rWNJ1Bg=
214,-67,V5Rr8CuGmXSL7BLBUNTHF+tTPuI=,dHQgonnmoH1yZ6j81Fi3rWNJ1Bg=
221,-79,V5Rr8CuGmXSL7BLBUNTHF+tTPuI=,dHQgonnmoH1yZ6j81Fi3rWNJ1Bg=
223,-80,V5Rr8CuGmXSL7BLBUNTHF+tTPuI=,dHQgonnmoH1yZ6j81Fi3rWNJ1Bg=
211,-67,V5Rr8CuGmXSL7BLBUNTHF+tTPuI=,dHQgonnmoH1yZ6j81Fi3rWNJ1Bg=
208,-79,V5Rr8CuGmXSL7BLBUNTHF+tTPuI=,dHQgonnmoH1yZ6j81Fi3rWNJ1Bg=
209,-80,V5Rr8CuGmXSL7BLBUNTHF+tTPuI=,dHQgonnmoH1yZ6j81Fi3rWNJ1Bg=
210,-67,V5Rr8CuGmXSL7BLBUNTHF+tTPuI=,dHQgonnmoH1yZ6j81Fi3rWNJ1Bg=
220,-79,V5Rr8CuGmXSL7BLBUNTHF+tTPuI=,dHQgonnmoH1yZ6j81Fi3rWNJ1Bg=
223,-68,V5Rr8CuGmXSL7BLBUNTHF+tTPuI=,dHQgonnmoH1yZ6j81Fi3rWNJ1Bg=
222,-68,V5Rr8CuGmXSL7BLBUNTHF+tTPuI=,dHQgonnmoH1yZ6j81Fi3rWNJ1Bg=
221,-68,V5Rr8CuGmXSL7BLBUNTHF+tTPuI=,dHQgonnmoH1yZ6j81Fi3rWNJ1Bg=
220,-68,V5Rr8CuGmXSL7BLBUNTHF+tTPuI=,dHQgonnmoH1yZ6j81Fi3rWNJ1Bg=
219,-68,V5Rr8CuGmXSL7BLBUNTHF+tTPuI=,dHQgonnmoH1yZ6j81Fi3rWNJ1Bg=
218,-68,V5Rr8CuGmXSL7BLBUNTHF+tTPuI=,dHQgonnmoH1yZ6j81Fi3rWNJ1Bg=
217,-68,V5Rr8CuGmXSL7BLBUNTHF+tTPuI=,dHQgonnmoH1yZ6j81Fi3rWNJ1Bg=
216,-68,V5Rr8CuGmXSL7BLBUNTHF+tTPuI=,dHQgonnmoH1yZ6j81Fi3rWNJ1Bg=
215,-68,V5Rr8CuGmXSL7BLBUNTHF+tTPuI=,dHQgonnmoH1yZ6j81Fi3rWNJ1Bg=
214,-68,V5Rr8CuGmXSL7BLBUNTHF+tTPuI=,dHQgonnmoH1yZ6j81Fi3rWNJ1Bg=
216,-77,V5Rr8CuGmXSL7BLBUNTHF+tTPuI=,dHQgonnmoH1yZ6j81Fi3rWNJ1Bg=
213,-68,V5Rr8CuGmXSL7BLBUNTHF+tTPuI=,dHQgonnmoH1yZ6j81Fi3rWNJ1Bg=
222,-80,V5Rr8CuGmXSL7BLBUNTHF+tTPuI=,dHQgonnmoH1yZ6j81Fi3rWNJ1Bg=
215,-77,V5Rr8CuGmXSL7BLBUNTHF+tTPuI=,dHQgonnmoH1yZ6j81Fi3rWNJ1Bg=
209,-67,V5Rr8CuGmXSL7BLBUNTHF+tTPuI=,dHQgonnmoH1yZ6j81Fi3rWNJ1Bg=
212,-68,V5Rr8CuGmXSL7BLBUNTHF+tTPuI=,dHQgonnmoH1yZ6j81Fi3rWNJ1Bg=
208,-67,V5Rr8CuGmXSL7BLBUNTHF+tTPuI=,dHQgonnmoH1yZ6j81Fi3rWNJ1Bg=
219,-79,V5Rr8CuGmXSL7BLBUNTHF+tTPuI=,dHQgonnmoH1yZ6j81Fi3rWNJ1Bg=
209,-68,V5Rr8CuGmXSL7BLBUNTHF+tTPuI=,dHQgonnmoH1yZ6j81Fi3rWNJ1Bg=
211,-68,V5Rr8CuGmXSL7BLBUNTHF+tTPuI=,dHQgonnmoH1yZ6j81Fi3rWNJ1Bg=
222,-69,V5Rr8CuGmXSL7BLBUNTHF+tTPuI=,dHQgonnmoH1yZ6j81Fi3rWNJ1Bg=
223,-69,V5Rr8CuGmXSL7BLBUNTHF+tTPuI=,dHQgonnmoH1yZ6j81Fi3rWNJ1Bg=
221,-69,V5Rr8CuGmXSL7BLBUNTHF+tTPuI=,dHQgonnmoH1yZ6j81Fi3rWNJ1Bg=
220,-69,V5Rr8CuGmXSL7BLBUNTHF+tTPuI=,dHQgonnmoH1yZ6j81Fi3rWNJ1Bg=
219,-69,V5Rr8CuGmXSL7BLBUNTHF+tTPuI=,dHQgonnmoH1yZ6j81Fi3rWNJ1Bg=
218,-69,V5Rr8CuGmXSL7BLBUNTHF+tTPuI=,dHQgonnmoH1yZ6j81Fi3rWNJ1Bg=
217,-69,V5Rr8CuGmXSL7BLBUNTHF+tTPuI=,dHQgonnmoH1yZ6j81Fi3rWNJ1Bg=
216,-69,V5Rr8CuGmXSL7BLBUNTHF+tTPuI=,dHQgonnmoH1yZ6j81Fi3rWNJ1Bg=
215,-69,V5Rr8CuGmXSL7BLBUNTHF+tTPuI=,dHQgonnmoH1yZ6j81Fi3rWNJ1Bg=
214,-69,V5Rr8CuGmXSL7BLBUNTHF+tTPuI=,dHQgonnmoH1yZ6j81Fi3rWNJ1Bg=
221,-80,V5Rr8CuGmXSL7BLBUNTHF+tTPuI=,dHQgonnmoH1yZ6j81Fi3rWNJ1Bg=
208,-68,V5Rr8CuGmXSL7BLBUNTHF+tTPuI=,dHQgonnmoH1yZ6j81Fi3rWNJ1Bg=
214,-77,V5Rr8CuGmXSL7BLBUNTHF+tTPuI=,dHQgonnmoH1yZ6j81Fi3rWNJ1Bg=
212,-69,V5Rr8CuGmXSL7BLBUNTHF+tTPuI=,dHQgonnmoH1yZ6j81Fi3rWNJ1Bg=
218,-79,V5Rr8CuGmXSL7BLBUNTHF+tTPuI=,dHQgonnmoH1yZ6j81Fi3rWNJ1Bg=
210,-65,V5Rr8CuGmXSL7BLBUNTHF+tTPuI=,dHQgonnmoH1yZ6j81Fi3rWNJ1Bg=
213,-69,V5Rr8CuGmXSL7BLBUNTHF+tTPuI=,dHQgonnmoH1yZ6j81Fi3rWNJ1Bg=
223,-70,V5Rr8CuGmXSL7BLBUNTHF+tTPuI=,dHQgonnmoH1yZ6j81Fi3rWNJ1Bg=
222,-70,V5Rr8CuGmXSL7BLBUNTHF+tTPuI=,dHQgonnmoH1yZ6j81Fi3rWNJ1Bg=
208,-78,V5Rr8CuGmXSL7BLBUNTHF+tTPuI=,dHQgonnmoH1yZ6j81Fi3rWNJ1Bg=
221,-70,V5Rr8CuGmXSL7BLBUNTHF+tTPuI=,dHQgonnmoH1yZ6j81Fi3rWNJ1Bg=
220,-70,V5Rr8CuGmXSL7BLBUNTHF+tTPuI=,dHQgonnmoH1yZ6j81Fi3rWNJ1Bg=
219,-70,V5Rr8CuGmXSL7BLBUNTHF+tTPuI=,dHQgonnmoH1yZ6j81Fi3rWNJ1Bg=
218,-70,V5Rr8CuGmXSL7BLBUNTHF+tTPuI=,dHQgonnmoH1yZ6j81Fi3rWNJ1Bg=
217,-70,V5Rr8CuGmXSL7BLBUNTHF+tTPuI=,dHQgonnmoH1yZ6j81Fi3rWNJ1Bg=
216,-70,V5Rr8CuGmXSL7BLBUNTHF+tTPuI=,dHQgonnmoH1yZ6j81Fi3rWNJ1Bg=
215,-70,V5Rr8CuGmXSL7BLBUNTHF+tTPuI=,dHQgonnmoH1yZ6j81Fi3rWNJ1Bg=
210,-69,V5Rr8CuGmXSL7BLBUNTHF+tTPuI=,dHQgonnmoH1yZ6j81Fi3rWNJ1Bg=
214,-70,V5Rr8CuGmXSL7BLBUNTHF+tTPuI=,dHQgonnmoH1yZ6j81Fi3rWNJ1Bg=
220,-80,V5Rr8CuGmXSL7BLBUNTHF+tTPuI=,dHQgonnmoH1yZ6j81Fi3rWNJ1Bg=
212,-70,V5Rr8CuGmXSL7BLBUNTHF+tTPuI=,dHQgonnmoH1yZ6j81Fi3rWNJ1Bg=
213,-77,V5Rr8CuGmXSL7BLBUNTHF+tTPuI=,dHQgonnmoH1yZ6j81Fi3rWNJ1Bg=
213,-70,V5Rr8CuGmXSL7BLBUNTHF+tTPuI=,dHQgonnmoH1yZ6j81Fi3rWNJ1Bg=
209,-70,V5Rr8CuGmXSL7BLBUNTHF+tTPuI=,dHQgonnmoH1yZ6j81Fi3rWNJ1Bg=
217,-79,V5Rr8CuGmXSL7BLBUNTHF+tTPuI=,dHQgonnmoH1yZ6j81Fi3rWNJ1Bg=
211,-70,V5Rr8CuGmXSL7BLBUNTHF+tTPuI=,dHQgonnmoH1yZ6j81Fi3rWNJ1Bg=
223,-71,V5Rr8CuGmXSL7BLBUNTHF+tTPuI=,dHQgonnmoH1yZ6j81Fi3rWNJ1Bg=
222,-71,V5Rr8CuGmXSL7BLBUNTHF+tTPuI=,dHQgonnmoH1yZ6j81Fi3rWNJ1Bg=
221,-71,V5Rr8CuGmXSL7BLBUNTHF+tTPuI=,dHQgonnmoH1yZ6j81Fi3rWNJ1Bg=
219,-71,V5Rr8CuGmXSL7BLBUNTHF+tTPuI=,dHQgonnmoH1yZ6j81Fi3rWNJ1Bg=
218,-71,V5Rr8CuGmXSL7BLBUNTHF+tTPuI=,dHQgonnmoH1yZ6j81Fi3rWNJ1Bg=
217,-71,V5Rr8CuGmXSL7BLBUNTHF+tTPuI=,dHQgonnmoH1yZ6j81Fi3rWNJ1Bg=
216,-71,V5Rr8CuGmXSL7BLBUNTHF+tTPuI=,dHQgonnmoH1yZ6j81Fi3rWNJ1Bg=
220,-71,V5Rr8CuGmXSL7BLBUNTHF+tTPuI=,dHQgonnmoH1yZ6j81Fi3rWNJ1Bg=
210,-70,V5Rr8CuGmXSL7BLBUNTHF+tTPuI=,dHQgonnmoH1yZ6j81Fi3rWNJ1Bg=
219,-80,V5Rr8CuGmXSL7BLBUNTHF+tTPuI=,dHQgonnmoH1yZ6j81Fi3rWNJ1Bg=
208,-69,V5Rr8CuGmXSL7BLBUNTHF+tTPuI=,dHQgonnmoH1yZ6j81Fi3rWNJ1Bg=
215,-71,V5Rr8CuGmXSL7BLBUNTHF+tTPuI=,dHQgonnmoH1yZ6j81Fi3rWNJ1Bg=
213,-71,V5Rr8CuGmXSL7BLBUNTHF+tTPuI=,dHQgonnmoH1yZ6j81Fi3rWNJ1Bg=
214,-71,V5Rr8CuGmXSL7BLBUNTHF+tTPuI=,dHQgonnmoH1yZ6j81Fi3rWNJ1Bg=
212,-71,V5Rr8CuGmXSL7BLBUNTHF+tTPuI=,dHQgonnmoH1yZ6j81Fi3rWNJ1Bg=
212,-77,V5Rr8CuGmXSL7BLBUNTHF+tTPuI=,dHQgonnmoH1yZ6j81Fi3rWNJ1Bg=
211,-71,V5Rr8CuGmXSL7BLBUNTHF+tTPuI=,dHQgonnmoH1yZ6j81Fi3rWNJ1Bg=
208,-70,V5Rr8CuGmXSL7BLBUNTHF+tTPuI=,dHQgonnmoH1yZ6j81Fi3rWNJ1Bg=
216,-79,V5Rr8CuGmXSL7BLBUNTHF+tTPuI=,dHQgonnmoH1yZ6j81Fi3rWNJ1Bg=
223,-72,V5Rr8CuGmXSL7BLBUNTHF+tTPuI=,dHQgonnmoH1yZ6j81Fi3rWNJ1Bg=
222,-72,V5Rr8CuGmXSL7BLBUNTHF+tTPuI=,dHQgonnmoH1yZ6j81Fi3rWNJ1Bg=
221,-72,V5Rr8CuGmXSL7BLBUNTHF+tTPuI=,dHQgonnmoH1yZ6j81Fi3rWNJ1Bg=
220,-72,V5Rr8CuGmXSL7BLBUNTHF+tTPuI=,dHQgonnmoH1yZ6j81Fi3rWNJ1Bg=
219,-72,V5Rr8CuGmXSL7BLBUNTHF+tTPuI=,dHQgonnmoH1yZ6j81Fi3rWNJ1Bg=
218,-72,V5Rr8CuGmXSL7BLBUNTHF+tTPuI=,dHQgonnmoH1yZ6j81Fi3rWNJ1Bg=
217,-72,V5Rr8CuGmXSL7BLBUNTHF+tTPuI=,dHQgonnmoH1yZ6j81Fi3rWNJ1Bg=
216,-72,V5Rr8CuGmXSL7BLBUNTHF+tTPuI=,dHQgonnmoH1yZ6j81Fi3rWNJ1Bg=
218,-80,V5Rr8CuGmXSL7BLBUNTHF+tTPuI=,dHQgonnmoH1yZ6j81Fi3rWNJ1Bg=
211,-77,V5Rr8CuGmXSL7BLBUNTHF+tTPuI=,dHQgonnmoH1yZ6j81Fi3rWNJ1Bg=
215,-72,V5Rr8CuGmXSL7BLBUNTHF+tTPuI=,dHQgonnmoH1yZ6j81Fi3rWNJ1Bg=
210,-71,V5Rr8CuGmXSL7BLBUNTHF+tTPuI=,dHQgonnmoH1yZ6j81Fi3rWNJ1Bg=
209,-71,V5Rr8CuGmXSL7BLBUNTHF+tTPuI=,dHQgonnmoH1yZ6j81Fi3rWNJ1Bg=
210,-68,V5Rr8CuGmXSL7BLBUNTHF+tTPuI=,dHQgonnmoH1yZ6j81Fi3rWNJ1Bg=
214,-72,V5Rr8CuGmXSL7BLBUNTHF+tTPuI=,dHQgonnmoH1yZ6j81Fi3rWNJ1Bg=
208,-71,V5Rr8CuGmXSL7BLBUNTHF+tTPuI=,dHQgonnmoH1yZ6j81Fi3rWNJ1Bg=
213,-72,V5Rr8CuGmXSL7BLBUNTHF+tTPuI=,dHQgonnmoH1yZ6j81Fi3rWNJ1Bg=
212,-72,V5Rr8CuGmXSL7BLBUNTHF+tTPuI=,dHQgonnmoH1yZ6j81Fi3rWNJ1Bg=
215,-79,V5Rr8CuGmXSL7BLBUNTHF+tTPuI=,dHQgonnmoH1yZ6j81Fi3rWNJ1Bg=
223,-73,V5Rr8CuGmXSL7BLBUNTHF+tTPuI=,dHQgonnmoH1yZ6j81Fi3rWNJ1Bg=
222,-73,V5Rr8CuGmXSL7BLBUNTHF+tTPuI=,dHQgonnmoH1yZ6j81Fi3rWNJ1Bg=
220,-73,V5Rr8CuGmXSL7BLBUNTHF+tTPuI=,dHQgonnmoH1yZ6j81Fi3rWNJ1Bg=
221,-73,V5Rr8CuGmXSL7BLBUNTHF+tTPuI=,dHQgonnmoH1yZ6j81Fi3rWNJ1Bg=
219,-73,V5Rr8CuGmXSL7BLBUNTHF+tTPuI=,dHQgonnmoH1yZ6j81Fi3rWNJ1Bg=
218,-73,V5Rr8CuGmXSL7BLBUNTHF+tTPuI=,dHQgonnmoH1yZ6j81Fi3rWNJ1Bg=
217,-73,V5Rr8CuGmXSL7BLBUNTHF+tTPuI=,dHQgonnmoH1yZ6j81Fi3rWNJ1Bg=
217,-80,V5Rr8CuGmXSL7BLBUNTHF+tTPuI=,dHQgonnmoH1yZ6j81Fi3rWNJ1Bg=
208,-72,V5Rr8CuGmXSL7BLBUNTHF+tTPuI=,dHQgonnmoH1yZ6j81Fi3rWNJ1Bg=
210,-72,V5Rr8CuGmXSL7BLBUNTHF+tTPuI=,dHQgonnmoH1yZ6j81Fi3rWNJ1Bg=
216,-73,V5Rr8CuGmXSL7BLBUNTHF+tTPuI=,dHQgonnmoH1yZ6j81Fi3rWNJ1Bg=
215,-73,V5Rr8CuGmXSL7BLBUNTHF+tTPuI=,dHQgonnmoH1yZ6j81Fi3rWNJ1Bg=
211,-72,V5Rr8CuGmXSL7BLBUNTHF+tTPuI=,dHQgonnmoH1yZ6j81Fi3rWNJ1Bg=
209,-72,V5Rr8CuGmXSL7BLBUNTHF+tTPuI=,dHQgonnmoH1yZ6j81Fi3rWNJ1Bg=
211,-69,V5Rr8CuGmXSL7BLBUNTHF+tTPuI=,dHQgonnmoH1yZ6j81Fi3rWNJ1Bg=
211,-73,V5Rr8CuGmXSL7BLBUNTHF+tTPuI=,dHQgonnmoH1yZ6j81Fi3rWNJ1Bg=
212,-73,V5Rr8CuGmXSL7BLBUNTHF+tTPuI=,dHQgonnmoH1yZ6j81Fi3rWNJ1Bg=
213,-73,V5Rr8CuGmXSL7BLBUNTHF+tTPuI=,dHQgonnmoH1yZ6j81Fi3rWNJ1Bg=
214,-79,V5Rr8CuGmXSL7BLBUNTHF+tTPuI=,dHQgonnmoH1yZ6j81Fi3rWNJ1Bg=
223,-74,V5Rr8CuGmXSL7BLBUNTHF+tTPuI=,dHQgonnmoH1yZ6j81Fi3rWNJ1Bg=
222,-74,V5Rr8CuGmXSL7BLBUNTHF+tTPuI=,dHQgonnmoH1yZ6j81Fi3rWNJ1Bg=
209,-69,V5Rr8CuGmXSL7BLBUNTHF+tTPuI=,dHQgonnmoH1yZ6j81Fi3rWNJ1Bg=
221,-74,V5Rr8CuGmXSL7BLBUNTHF+tTPuI=,dHQgonnmoH1yZ6j81Fi3rWNJ1Bg=
220,-74,V5Rr8CuGmXSL7BLBUNTHF+tTPuI=,dHQgonnmoH1yZ6j81Fi3rWNJ1Bg=
218,-74,V5Rr8CuGmXSL7BLBUNTHF+tTPuI=,dHQgonnmoH1yZ6j81Fi3rWNJ1Bg=
216,-80,V5Rr8CuGmXSL7BLBUNTHF+tTPuI=,dHQgonnmoH1yZ6j81Fi3rWNJ1Bg=
219,-74,V5Rr8CuGmXSL7BLBUNTHF+tTPuI=,dHQgonnmoH1yZ6j81Fi3rWNJ1Bg=
214,-73,V5Rr8CuGmXSL7BLBUNTHF+tTPuI=,dHQgonnmoH1yZ6j81Fi3rWNJ1Bg=
209,-73,V5Rr8CuGmXSL7BLBUNTHF+tTPuI=,dHQgonnmoH1yZ6j81Fi3rWNJ1Bg=
217,-74,V5Rr8CuGmXSL7BLBUNTHF+tTPuI=,dHQgonnmoH1yZ6j81Fi3rWNJ1Bg=
210,-73,V5Rr8CuGmXSL7BLBUNTHF+tTPuI=,dHQgonnmoH1yZ6j81Fi3rWNJ1Bg=
208,-73,V5Rr8CuGmXSL7BLBUNTHF+tTPuI=,dHQgonnmoH1yZ6j81Fi3rWNJ1Bg=
216,-74,V5Rr8CuGmXSL7BLBUNTHF+tTPuI=,dHQgonnmoH1yZ6j81Fi3rWNJ1Bg=
215,-74,V5Rr8CuGmXSL7BLBUNTHF+tTPuI=,dHQgonnmoH1yZ6j81Fi3rWNJ1Bg=
208,-80,V5Rr8CuGmXSL7BLBUNTHF+tTPuI=,dHQgonnmoH1yZ6j81Fi3rWNJ1Bg=
214,-74,V5Rr8CuGmXSL7BLBUNTHF+tTPuI=,dHQgonnmoH1yZ6j81Fi3rWNJ1Bg=
213,-74,V5Rr8CuGmXSL7BLBUNTHF+tTPuI=,dHQgonnmoH1yZ6j81Fi3rWNJ1Bg=
209,-77,V5Rr8CuGmXSL7BLBUNTHF+tTPuI=,dHQgonnmoH1yZ6j81Fi3rWNJ1Bg=
213,-79,V5Rr8CuGmXSL7BLBUNTHF+tTPuI=,dHQgonnmoH1yZ6j81Fi3rWNJ1Bg=
223,-75,V5Rr8CuGmXSL7BLBUNTHF+tTPuI=,dHQgonnmoH1yZ6j81Fi3rWNJ1Bg=
222,-75,V5Rr8CuGmXSL7BLBUNTHF+tTPuI=,dHQgonnmoH1yZ6j81Fi3rWNJ1Bg=
221,-75,V5Rr8CuGmXSL7BLBUNTHF+tTPuI=,dHQgonnmoH1yZ6j81Fi3rWNJ1Bg=
220,-75,V5Rr8CuGmXSL7BLBUNTHF+tTPuI=,dHQgonnmoH1yZ6j81Fi3rWNJ1Bg=
219,-75,V5Rr8CuGmXSL7BLBUNTHF+tTPuI=,dHQgonnmoH1yZ6j81Fi3rWNJ1Bg=
215,-80,V5Rr8CuGmXSL7BLBUNTHF+tTPuI=,dHQgonnmoH1yZ6j81Fi3rWNJ1Bg=
212,-79,V5Rr8CuGmXSL7BLBUNTHF+tTPuI=,dHQgonnmoH1yZ6j81Fi3rWNJ1Bg=
210,-74,V5Rr8CuGmXSL7BLBUNTHF+tTPuI=,dHQgonnmoH1yZ6j81Fi3rWNJ1Bg=
218,-75,V5Rr8CuGmXSL7BLBUNTHF+tTPuI=,dHQgonnmoH1yZ6j81Fi3rWNJ1Bg=
209,-74,V5Rr8CuGmXSL7BLBUNTHF+tTPuI=,dHQgonnmoH1yZ6j81Fi3rWNJ1Bg=
212,-74,V5Rr8CuGmXSL7BLBUNTHF+tTPuI=,dHQgonnmoH1yZ6j81Fi3rWNJ1Bg=
217,-75,V5Rr8CuGmXSL7BLBUNTHF+tTPuI=,dHQgonnmoH1yZ6j81Fi3rWNJ1Bg=
213,-75,V5Rr8CuGmXSL7BLBUNTHF+tTPuI=,dHQgonnmoH1yZ6j81Fi3rWNJ1Bg=
211,-74,V5Rr8CuGmXSL7BLBUNTHF+tTPuI=,dHQgonnmoH1yZ6j81Fi3rWNJ1Bg=
211,-75,V5Rr8CuGmXSL7BLBUNTHF+tTPuI=,dHQgonnmoH1yZ6j81Fi3rWNJ1Bg=
211,-79,V5Rr8CuGmXSL7BLBUNTHF+tTPuI=,dHQgonnmoH1yZ6j81Fi3rWNJ1Bg=
209,-75,V5Rr8CuGmXSL7BLBUNTHF+tTPuI=,dHQgonnmoH1yZ6j81Fi3rWNJ1Bg=
208,-77,V5Rr8CuGmXSL7BLBUNTHF+tTPuI=,dHQgonnmoH1yZ6j81Fi3rWNJ1Bg=
223,-76,V5Rr8CuGmXSL7BLBUNTHF+tTPuI=,dHQgonnmoH1yZ6j81Fi3rWNJ1Bg=
216,-75,V5Rr8CuGmXSL7BLBUNTHF+tTPuI=,dHQgonnmoH1yZ6j81Fi3rWNJ1Bg=
221,-76,V5Rr8CuGmXSL7BLBUNTHF+tTPuI=,dHQgonnmoH1yZ6j81Fi3rWNJ1Bg=
214,-75,V5Rr8CuGmXSL7BLBUNTHF+tTPuI=,dHQgonnmoH1yZ6j81Fi3rWNJ1Bg=
222,-76,V5Rr8CuGmXSL7BLBUNTHF+tTPuI=,dHQgonnmoH1yZ6j81Fi3rWNJ1Bg=
220,-76,V5Rr8CuGmXSL7BLBUNTHF+tTPuI=,dHQgonnmoH1yZ6j81Fi3rWNJ1Bg=
219,-76,V5Rr8CuGmXSL7BLBUNTHF+tTPuI=,dHQgonnmoH1yZ6j81Fi3rWNJ1Bg=
215,-75,V5Rr8CuGmXSL7BLBUNTHF+tTPuI=,dHQgonnmoH1yZ6j81Fi3rWNJ1Bg=
223,-78,V5Rr8CuGmXSL7BLBUNTHF+tTPuI=,dHQgonnmoH1yZ6j81Fi3rWNJ1Bg=
212,-75,V5Rr8CuGmXSL7BLBUNTHF+tTPuI=,dHQgonnmoH1yZ6j81Fi3rWNJ1Bg=
217,-76,V5Rr8CuGmXSL7BLBUNTHF+tTPuI=,dHQgonnmoH1yZ6j81Fi3rWNJ1Bg=
214,-80,V5Rr8CuGmXSL7BLBUNTHF+tTPuI=,dHQgonnmoH1yZ6j81Fi3rWNJ1Bg=
208,-74,V5Rr8CuGmXSL7BLBUNTHF+tTPuI=,dHQgonnmoH1yZ6j81Fi3rWNJ1Bg=
210,-75,V5Rr8CuGmXSL7BLBUNTHF+tTPuI=,dHQgonnmoH1yZ6j81Fi3rWNJ1Bg=
208,-75,V5Rr8CuGmXSL7BLBUNTHF+tTPuI=,dHQgonnmoH1yZ6j81Fi3rWNJ1Bg=
218,-76,V5Rr8CuGmXSL7BLBUNTHF+tTPuI=,dHQgonnmoH1yZ6j81Fi3rWNJ1Bg=
214,-76,V5Rr8CuGmXSL7BLBUNTHF+tTPuI=,dHQgonnmoH1yZ6j81Fi3rWNJ1Bg=
211,-76,V5Rr8CuGmXSL7BLBUNTHF+tTPuI=,dHQgonnmoH1yZ6j81Fi3rWNJ1Bg=
213,-76,V5Rr8CuGmXSL7BLBUNTHF+tTPuI=,dHQgonnmoH1yZ6j81Fi3rWNJ1Bg=
210,-76,V5Rr8CuGmXSL7BLBUNTHF+tTPuI=,dHQgonnmoH1yZ6j81Fi3rWNJ1Bg=
216,-76,V5Rr8CuGmXSL7BLBUNTHF+tTPuI=,dHQgonnmoH1yZ6j81Fi3rWNJ1Bg=
223,-77,V5Rr8CuGmXSL7BLBUNTHF+tTPuI=,dHQgonnmoH1yZ6j81Fi3rWNJ1Bg=
221,-77,V5Rr8CuGmXSL7BLBUNTHF+tTPuI=,dHQgonnmoH1yZ6j81Fi3rWNJ1Bg=
222,-77,V5Rr8CuGmXSL7BLBUNTHF+tTPuI=,dHQgonnmoH1yZ6j81Fi3rWNJ1Bg=
209,-76,V5Rr8CuGmXSL7BLBUNTHF+tTPuI=,dHQgonnmoH1yZ6j81Fi3rWNJ1Bg=
222,-78,V5Rr8CuGmXSL7BLBUNTHF+tTPuI=,dHQgonnmoH1yZ6j81Fi3rWNJ1Bg=
212,-76,V5Rr8CuGmXSL7BLBUNTHF+tTPuI=,dHQgonnmoH1yZ6j81Fi3rWNJ1Bg=
213,-80,V5Rr8CuGmXSL7BLBUNTHF+tTPuI=,dHQgonnmoH1yZ6j81Fi3rWNJ1Bg=
210,-79,V5Rr8CuGmXSL7BLBUNTHF+tTPuI=,dHQgonnmoH1yZ6j81Fi3rWNJ1Bg=
210,-77,V5Rr8CuGmXSL7BLBUNTHF+tTPuI=,dHQgonnmoH1yZ6j81Fi3rWNJ1Bg=
212,-80,V5Rr8CuGmXSL7BLBUNTHF+tTPuI=,dHQgonnmoH1yZ6j81Fi3rWNJ1Bg=
208,-76,V5Rr8CuGmXSL7BLBUNTHF+tTPuI=,dHQgonnmoH1yZ6j81Fi3rWNJ1Bg=
215,-76,V5Rr8CuGmXSL7BLBUNTHF+tTPuI=,dHQgonnmoH1yZ6j81Fi3rWNJ1Bg=
222,-94,TamX3/aJoE3cbh5RFXbPgesaNWA=,OGfu/M56sU5Hyez+DS6R9kfXPa8=
223,-81,TamX3/aJoE3cbh5RFXbPgesaNWA=,OGfu/M56sU5Hyez+DS6R9kfXPa8=
222,-81,TamX3/aJoE3cbh5RFXbPgesaNWA=,OGfu/M56sU5Hyez+DS6R9kfXPa8=
223,-94,TamX3/aJoE3cbh5RFXbPgesaNWA=,OGfu/M56sU5Hyez+DS6R9kfXPa8=
211,-96,TamX3/aJoE3cbh5RFXbPgesaNWA=,OGfu/M56sU5Hyez+DS6R9kfXPa8=
208,-93,TamX3/aJoE3cbh5RFXbPgesaNWA=,OGfu/M56sU5Hyez+DS6R9kfXPa8=
221,-81,TamX3/aJoE3cbh5RFXbPgesaNWA=,OGfu/M56sU5Hyez+DS6R9kfXPa8=
209,-93,TamX3/aJoE3cbh5RFXbPgesaNWA=,OGfu/M56sU5Hyez+DS6R9kfXPa8=
221,-94,TamX3/aJoE3cbh5RFXbPgesaNWA=,OGfu/M56sU5Hyez+DS6R9kfXPa8=
210,-93,TamX3/aJoE3cbh5RFXbPgesaNWA=,OGfu/M56sU5Hyez+DS6R9kfXPa8=
220,-81,TamX3/aJoE3cbh5RFXbPgesaNWA=,OGfu/M56sU5Hyez+DS6R9kfXPa8=
208,-94,TamX3/aJoE3cbh5RFXbPgesaNWA=,OGfu/M56sU5Hyez+DS6R9kfXPa8=
219,-81,TamX3/aJoE3cbh5RFXbPgesaNWA=,OGfu/M56sU5Hyez+DS6R9kfXPa8=
217,-81,TamX3/aJoE3cbh5RFXbPgesaNWA=,OGfu/M56sU5Hyez+DS6R9kfXPa8=
212,-96,TamX3/aJoE3cbh5RFXbPgesaNWA=,OGfu/M56sU5Hyez+DS6R9kfXPa8=
216,-81,TamX3/aJoE3cbh5RFXbPgesaNWA=,OGfu/M56sU5Hyez+DS6R9kfXPa8=
211,-93,TamX3/aJoE3cbh5RFXbPgesaNWA=,OGfu/M56sU5Hyez+DS6R9kfXPa8=
212,-93,TamX3/aJoE3cbh5RFXbPgesaNWA=,OGfu/M56sU5Hyez+DS6R9kfXPa8=
215,-81,TamX3/aJoE3cbh5RFXbPgesaNWA=,OGfu/M56sU5Hyez+DS6R9kfXPa8=
213,-93,TamX3/aJoE3cbh5RFXbPgesaNWA=,OGfu/M56sU5Hyez+DS6R9kfXPa8=
214,-93,TamX3/aJoE3cbh5RFXbPgesaNWA=,OGfu/M56sU5Hyez+DS6R9kfXPa8=
215,-93,TamX3/aJoE3cbh5RFXbPgesaNWA=,OGfu/M56sU5Hyez+DS6R9kfXPa8=
216,-93,TamX3/aJoE3cbh5RFXbPgesaNWA=,OGfu/M56sU5Hyez+DS6R9kfXPa8=
218,-81,TamX3/aJoE3cbh5RFXbPgesaNWA=,OGfu/M56sU5Hyez+DS6R9kfXPa8=
217,-93,TamX3/aJoE3cbh5RFXbPgesaNWA=,OGfu/M56sU5Hyez+DS6R9kfXPa8=
218,-93,TamX3/aJoE3cbh5RFXbPgesaNWA=,OGfu/M56sU5Hyez+DS6R9kfXPa8=
219,-93,TamX3/aJoE3cbh5RFXbPgesaNWA=,OGfu/M56sU5Hyez+DS6R9kfXPa8=
220,-93,TamX3/aJoE3cbh5RFXbPgesaNWA=,OGfu/M56sU5Hyez+DS6R9kfXPa8=
221,-93,TamX3/aJoE3cbh5RFXbPgesaNWA=,OGfu/M56sU5Hyez+DS6R9kfXPa8=
222,-93,TamX3/aJoE3cbh5RFXbPgesaNWA=,OGfu/M56sU5Hyez+DS6R9kfXPa8=
209,-94,TamX3/aJoE3cbh5RFXbPgesaNWA=,OGfu/M56sU5Hyez+DS6R9kfXPa8=
223,-93,TamX3/aJoE3cbh5RFXbPgesaNWA=,OGfu/M56sU5Hyez+DS6R9kfXPa8=
208,-92,TamX3/aJoE3cbh5RFXbPgesaNWA=,OGfu/M56sU5Hyez+DS6R9kfXPa8=
209,-92,TamX3/aJoE3cbh5RFXbPgesaNWA=,OGfu/M56sU5Hyez+DS6R9kfXPa8=
210,-92,TamX3/aJoE3cbh5RFXbPgesaNWA=,OGfu/M56sU5Hyez+DS6R9kfXPa8=
211,-92,TamX3/aJoE3cbh5RFXbPgesaNWA=,OGfu/M56sU5Hyez+DS6R9kfXPa8=
210,-94,TamX3/aJoE3cbh5RFXbPgesaNWA=,OGfu/M56sU5Hyez+DS6R9kfXPa8=
213,-96,TamX3/aJoE3cbh5RFXbPgesaNWA=,OGfu/M56sU5Hyez+DS6R9kfXPa8=
213,-92,TamX3/aJoE3cbh5RFXbPgesaNWA=,OGfu/M56sU5Hyez+DS6R9kfXPa8=
214,-92,TamX3/aJoE3cbh5RFXbPgesaNWA=,OGfu/M56sU5Hyez+DS6R9kfXPa8=
212,-92,TamX3/aJoE3cbh5RFXbPgesaNWA=,OGfu/M56sU5Hyez+DS6R9kfXPa8=
215,-92,TamX3/aJoE3cbh5RFXbPgesaNWA=,OGfu/M56sU5Hyez+DS6R9kfXPa8=
216,-92,TamX3/aJoE3cbh5RFXbPgesaNWA=,OGfu/M56sU5Hyez+DS6R9kfXPa8=
217,-92,TamX3/aJoE3cbh5RFXbPgesaNWA=,OGfu/M56sU5Hyez+DS6R9kfXPa8=
218,-92,TamX3/aJoE3cbh5RFXbPgesaNWA=,OGfu/M56sU5Hyez+DS6R9kfXPa8=
219,-92,TamX3/aJoE3cbh5RFXbPgesaNWA=,OGfu/M56sU5Hyez+DS6R9kfXPa8=
220,-92,TamX3/aJoE3cbh5RFXbPgesaNWA=,OGfu/M56sU5Hyez+DS6R9kfXPa8=
221,-92,TamX3/aJoE3cbh5RFXbPgesaNWA=,OGfu/M56sU5Hyez+DS6R9kfXPa8=
214,-96,TamX3/aJoE3cbh5RFXbPgesaNWA=,OGfu/M56sU5Hyez+DS6R9kfXPa8=
208,-91,TamX3/aJoE3cbh5RFXbPgesaNWA=,OGfu/M56sU5Hyez+DS6R9kfXPa8=
222,-92,TamX3/aJoE3cbh5RFXbPgesaNWA=,OGfu/M56sU5Hyez+DS6R9kfXPa8=
223,-92,TamX3/aJoE3cbh5RFXbPgesaNWA=,OGfu/M56sU5Hyez+DS6R9kfXPa8=
209,-91,TamX3/aJoE3cbh5RFXbPgesaNWA=,OGfu/M56sU5Hyez+DS6R9kfXPa8=
210,-91,TamX3/aJoE3cbh5RFXbPgesaNWA=,OGfu/M56sU5Hyez+DS6R9kfXPa8=
212,-91,TamX3/aJoE3cbh5RFXbPgesaNWA=,OGfu/M56sU5Hyez+DS6R9kfXPa8=
211,-91,TamX3/aJoE3cbh5RFXbPgesaNWA=,OGfu/M56sU5Hyez+DS6R9kfXPa8=
211,-94,TamX3/aJoE3cbh5RFXbPgesaNWA=,OGfu/M56sU5Hyez+DS6R9kfXPa8=
213,-91,TamX3/aJoE3cbh5RFXbPgesaNWA=,OGfu/M56sU5Hyez+DS6R9kfXPa8=
215,-96,TamX3/aJoE3cbh5RFXbPgesaNWA=,OGfu/M56sU5Hyez+DS6R9kfXPa8=
214,-91,TamX3/aJoE3cbh5RFXbPgesaNWA=,OGfu/M56sU5Hyez+DS6R9kfXPa8=
215,-91,TamX3/aJoE3cbh5RFXbPgesaNWA=,OGfu/M56sU5Hyez+DS6R9kfXPa8=
216,-91,TamX3/aJoE3cbh5RFXbPgesaNWA=,OGfu/M56sU5Hyez+DS6R9kfXPa8=
218,-91,TamX3/aJoE3cbh5RFXbPgesaNWA=,OGfu/M56sU5Hyez+DS6R9kfXPa8=
217,-91,TamX3/aJoE3cbh5RFXbPgesaNWA=,OGfu/M56sU5Hyez+DS6R9kfXPa8=
219,-91,TamX3/aJoE3cbh5RFXbPgesaNWA=,OGfu/M56sU5Hyez+DS6R9kfXPa8=
220,-91,TamX3/aJoE3cbh5RFXbPgesaNWA=,OGfu/M56sU5Hyez+DS6R9kfXPa8=
221,-91,TamX3/aJoE3cbh5RFXbPgesaNWA=,OGfu/M56sU5Hyez+DS6R9kfXPa8=
222,-91,TamX3/aJoE3cbh5RFXbPgesaNWA=,OGfu/M56sU5Hyez+DS6R9kfXPa8=
223,-91,TamX3/aJoE3cbh5RFXbPgesaNWA=,OGfu/M56sU5Hyez+DS6R9kfXPa8=
208,-90,TamX3/aJoE3cbh5RFXbPgesaNWA=,OGfu/M56sU5Hyez+DS6R9kfXPa8=
209,-90,TamX3/aJoE3cbh5RFXbPgesaNWA=,OGfu/M56sU5Hyez+DS6R9kfXPa8=
210,-90,TamX3/aJoE3cbh5RFXbPgesaNWA=,OGfu/M56sU5Hyez+DS6R9kfXPa8=
212,-90,TamX3/aJoE3cbh5RFXbPgesaNWA=,OGfu/M56sU5Hyez+DS6R9kfXPa8=
211,-90,TamX3/aJoE3cbh5RFXbPgesaNWA=,OGfu/M56sU5Hyez+DS6R9kfXPa8=
208,-96,TamX3/aJoE3cbh5RFXbPgesaNWA=,OGfu/M56sU5Hyez+DS6R9kfXPa8=
213,-90,TamX3/aJoE3cbh5RFXbPgesaNWA=,OGfu/M56sU5Hyez+DS6R9kfXPa8=
214,-90,TamX3/aJoE3cbh5RFXbPgesaNWA=,OGfu/M56sU5Hyez+DS6R9kfXPa8=
216,-96,TamX3/aJoE3cbh5RFXbPgesaNWA=,OGfu/M56sU5Hyez+DS6R9kfXPa8=
212,-94,TamX3/aJoE3cbh5RFXbPgesaNWA=,OGfu/M56sU5Hyez+DS6R9kfXPa8=
215,-90,TamX3/aJoE3cbh5RFXbPgesaNWA=,OGfu/M56sU5Hyez+DS6R9kfXPa8=
216,-90,TamX3/aJoE3cbh5RFXbPgesaNWA=,OGfu/M56sU5Hyez+DS6R9kfXPa8=
217,-90,TamX3/aJoE3cbh5RFXbPgesaNWA=,OGfu/M56sU5Hyez+DS6R9kfXPa8=
218,-90,TamX3/aJoE3cbh5RFXbPgesaNWA=,OGfu/M56sU5Hyez+DS6R9kfXPa8=
219,-90,TamX3/aJoE3cbh5RFXbPgesaNWA=,OGfu/M56sU5Hyez+DS6R9kfXPa8=
220,-90,TamX3/aJoE3cbh5RFXbPgesaNWA=,OGfu/M56sU5Hyez+DS6R9kfXPa8=
221,-90,TamX3/aJoE3cbh5RFXbPgesaNWA=,OGfu/M56sU5Hyez+DS6R9kfXPa8=
222,-90,TamX3/aJoE3cbh5RFXbPgesaNWA=,OGfu/M56sU5Hyez+DS6R9kfXPa8=
223,-90,TamX3/aJoE3cbh5RFXbPgesaNWA=,OGfu/M56sU5Hyez+DS6R9kfXPa8=
208,-89,TamX3/aJoE3cbh5RFXbPgesaNWA=,OGfu/M56sU5Hyez+DS6R9kfXPa8=
209,-89,TamX3/aJoE3cbh5RFXbPgesaNWA=,OGfu/M56sU5Hyez+DS6R9kfXPa8=
210,-89,TamX3/aJoE3cbh5RFXbPgesaNWA=,OGfu/M56sU5Hyez+DS6R9kfXPa8=
211,-89,TamX3/aJoE3cbh5RFXbPgesaNWA=,OGfu/M56sU5Hyez+DS6R9kfXPa8=
212,-89,TamX3/aJoE3cbh5RFXbPgesaNWA=,OGfu/M56sU5Hyez+DS6R9kfXPa8=
213,-89,TamX3/aJoE3cbh5RFXbPgesaNWA=,OGfu/M56sU5Hyez+DS6R9kfXPa8=
214,-89,TamX3/aJoE3cbh5RFXbPgesaNWA=,OGfu/M56sU5Hyez+DS6R9kfXPa8=
213,-94,TamX3/aJoE3cbh5RFXbPgesaNWA=,OGfu/M56sU5Hyez+DS6R9kfXPa8=
215,-89,TamX3/aJoE3cbh5RFXbPgesaNWA=,OGfu/M56sU5Hyez+DS6R9kfXPa8=
216,-89,TamX3/aJoE3cbh5RFXbPgesaNWA=,OGfu/M56sU5Hyez+DS6R9kfXPa8=
217,-89,TamX3/aJoE3cbh5RFXbPgesaNWA=,OGfu/M56sU5Hyez+DS6R9kfXPa8=
217,-96,TamX3/aJoE3cbh5RFXbPgesaNWA=,OGfu/M56sU5Hyez+DS6R9kfXPa8=
218,-89,TamX3/aJoE3cbh5RFXbPgesaNWA=,OGfu/M56sU5Hyez+DS6R9kfXPa8=
219,-89,TamX3/aJoE3cbh5RFXbPgesaNWA=,OGfu/M56sU5Hyez+DS6R9kfXPa8=
220,-89,TamX3/aJoE3cbh5RFXbPgesaNWA=,OGfu/M56sU5Hyez+DS6R9kfXPa8=
221,-89,TamX3/aJoE3cbh5RFXbPgesaNWA=,OGfu/M56sU5Hyez+DS6R9kfXPa8=
222,-89,TamX3/aJoE3cbh5RFXbPgesaNWA=,OGfu/M56sU5Hyez+DS6R9kfXPa8=
223,-89,TamX3/aJoE3cbh5RFXbPgesaNWA=,OGfu/M56sU5Hyez+DS6R9kfXPa8=
208,-88,TamX3/aJoE3cbh5RFXbPgesaNWA=,OGfu/M56sU5Hyez+DS6R9kfXPa8=
209,-88,TamX3/aJoE3cbh5RFXbPgesaNWA=,OGfu/M56sU5Hyez+DS6R9kfXPa8=
210,-88,TamX3/aJoE3cbh5RFXbPgesaNWA=,OGfu/M56sU5Hyez+DS6R9kfXPa8=
211,-88,TamX3/aJoE3cbh5RFXbPgesaNWA=,OGfu/M56sU5Hyez+DS6R9kfXPa8=
212,-88,TamX3/aJoE3cbh5RFXbPgesaNWA=,OGfu/M56sU5Hyez+DS6R9kfXPa8=
213,-88,TamX3/aJoE3cbh5RFXbPgesaNWA=,OGfu/M56sU5Hyez+DS6R9kfXPa8=
214,-88,TamX3/aJoE3cbh5RFXbPgesaNWA=,OGfu/M56sU5Hyez+DS6R9kfXPa8=
215,-88,TamX3/aJoE3cbh5RFXbPgesaNWA=,OGfu/M56sU5Hyez+DS6R9kfXPa8=
214,-94,TamX3/aJoE3cbh5RFXbPgesaNWA=,OGfu/M56sU5Hyez+DS6R9kfXPa8=
218,-96,TamX3/aJoE3cbh5RFXbPgesaNWA=,OGfu/M56sU5Hyez+DS6R9kfXPa8=
216,-88,TamX3/aJoE3cbh5RFXbPgesaNWA=,OGfu/M56sU5Hyez+DS6R9kfXPa8=
217,-88,TamX3/aJoE3cbh5RFXbPgesaNWA=,OGfu/M56sU5Hyez+DS6R9kfXPa8=
218,-88,TamX3/aJoE3cbh5RFXbPgesaNWA=,OGfu/M56sU5Hyez+DS6R9kfXPa8=
219,-88,TamX3/aJoE3cbh5RFXbPgesaNWA=,OGfu/M56sU5Hyez+DS6R9kfXPa8=
220,-88,TamX3/aJoE3cbh5RFXbPgesaNWA=,OGfu/M56sU5Hyez+DS6R9kfXPa8=
221,-88,TamX3/aJoE3cbh5RFXbPgesaNWA=,OGfu/M56sU5Hyez+DS6R9kfXPa8=
222,-88,TamX3/aJoE3cbh5RFXbPgesaNWA=,OGfu/M56sU5Hyez+DS6R9kfXPa8=
223,-88,TamX3/aJoE3cbh5RFXbPgesaNWA=,OGfu/M56sU5Hyez+DS6R9kfXPa8=
223,-95,TamX3/aJoE3cbh5RFXbPgesaNWA=,OGfu/M56sU5Hyez+DS6R9kfXPa8=
214,-81,TamX3/aJoE3cbh5RFXbPgesaNWA=,OGfu/M56sU5Hyez+DS6R9kfXPa8=
209,-95,TamX3/aJoE3cbh5RFXbPgesaNWA=,OGfu/M56sU5Hyez+DS6R9kfXPa8=
222,-95,TamX3/aJoE3cbh5RFXbPgesaNWA=,OGfu/M56sU5Hyez+DS6R9kfXPa8=
221,-95,TamX3/aJoE3cbh5RFXbPgesaNWA=,OGfu/M56sU5Hyez+DS6R9kfXPa8=
220,-95,TamX3/aJoE3cbh5RFXbPgesaNWA=,OGfu/M56sU5Hyez+DS6R9kfXPa8=
219,-95,TamX3/aJoE3cbh5RFXbPgesaNWA=,OGfu/M56sU5Hyez+DS6R9kfXPa8=
218,-95,TamX3/aJoE3cbh5RFXbPgesaNWA=,OGfu/M56sU5Hyez+DS6R9kfXPa8=
217,-95,TamX3/aJoE3cbh5RFXbPgesaNWA=,OGfu/M56sU5Hyez+DS6R9kfXPa8=
216,-95,TamX3/aJoE3cbh5RFXbPgesaNWA=,OGfu/M56sU5Hyez+DS6R9kfXPa8=
215,-95,TamX3/aJoE3cbh5RFXbPgesaNWA=,OGfu/M56sU5Hyez+DS6R9kfXPa8=
214,-95,TamX3/aJoE3cbh5RFXbPgesaNWA=,OGfu/M56sU5Hyez+DS6R9kfXPa8=
213,-95,TamX3/aJoE3cbh5RFXbPgesaNWA=,OGfu/M56sU5Hyez+DS6R9kfXPa8=
208,-87,TamX3/aJoE3cbh5RFXbPgesaNWA=,OGfu/M56sU5Hyez+DS6R9kfXPa8=
212,-95,TamX3/aJoE3cbh5RFXbPgesaNWA=,OGfu/M56sU5Hyez+DS6R9kfXPa8=
209,-87,TamX3/aJoE3cbh5RFXbPgesaNWA=,OGfu/M56sU5Hyez+DS6R9kfXPa8=
210,-87,TamX3/aJoE3cbh5RFXbPgesaNWA=,OGfu/M56sU5Hyez+DS6R9kfXPa8=
211,-81,TamX3/aJoE3cbh5RFXbPgesaNWA=,OGfu/M56sU5Hyez+DS6R9kfXPa8=
211,-87,TamX3/aJoE3cbh5RFXbPgesaNWA=,OGfu/M56sU5Hyez+DS6R9kfXPa8=
212,-87,TamX3/aJoE3cbh5RFXbPgesaNWA=,OGfu/M56sU5Hyez+DS6R9kfXPa8=
213,-87,TamX3/aJoE3cbh5RFXbPgesaNWA=,OGfu/M56sU5Hyez+DS6R9kfXPa8=
211,-95,TamX3/aJoE3cbh5RFXbPgesaNWA=,OGfu/M56sU5Hyez+DS6R9kfXPa8=
214,-87,TamX3/aJoE3cbh5RFXbPgesaNWA=,OGfu/M56sU5Hyez+DS6R9kfXPa8=
223,-82,TamX3/aJoE3cbh5RFXbPgesaNWA=,OGfu/M56sU5Hyez+DS6R9kfXPa8=
215,-87,TamX3/aJoE3cbh5RFXbPgesaNWA=,OGfu/M56sU5Hyez+DS6R9kfXPa8=
216,-87,TamX3/aJoE3cbh5RFXbPgesaNWA=,OGfu/M56sU5Hyez+DS6R9kfXPa8=
210,-95,TamX3/aJoE3cbh5RFXbPgesaNWA=,OGfu/M56sU5Hyez+DS6R9kfXPa8=
215,-94,TamX3/aJoE3cbh5RFXbPgesaNWA=,OGfu/M56sU5Hyez+DS6R9kfXPa8=
210,-96,TamX3/aJoE3cbh5RFXbPgesaNWA=,OGfu/M56sU5Hyez+DS6R9kfXPa8=
219,-96,TamX3/aJoE3cbh5RFXbPgesaNWA=,OGfu/M56sU5Hyez+DS6R9kfXPa8=
222,-82,TamX3/aJoE3cbh5RFXbPgesaNWA=,OGfu/M56sU5Hyez+DS6R9kfXPa8=
217,-87,TamX3/aJoE3cbh5RFXbPgesaNWA=,OGfu/M56sU5Hyez+DS6R9kfXPa8=
220,-94,TamX3/aJoE3cbh5RFXbPgesaNWA=,OGfu/M56sU5Hyez+DS6R9kfXPa8=
218,-87,TamX3/aJoE3cbh5RFXbPgesaNWA=,OGfu/M56sU5Hyez+DS6R9kfXPa8=
221,-82,TamX3/aJoE3cbh5RFXbPgesaNWA=,OGfu/M56sU5Hyez+DS6R9kfXPa8=
219,-87,TamX3/aJoE3cbh5RFXbPgesaNWA=,OGfu/M56sU5Hyez+DS6R9kfXPa8=
220,-82,TamX3/aJoE3cbh5RFXbPgesaNWA=,OGfu/M56sU5Hyez+DS6R9kfXPa8=
220,-87,TamX3/aJoE3cbh5RFXbPgesaNWA=,OGfu/M56sU5Hyez+DS6R9kfXPa8=
221,-87,TamX3/aJoE3cbh5RFXbPgesaNWA=,OGfu/M56sU5Hyez+DS6R9kfXPa8=
219,-82,TamX3/aJoE3cbh5RFXbPgesaNWA=,OGfu/M56sU5Hyez+DS6R9kfXPa8=
222,-87,TamX3/aJoE3cbh5RFXbPgesaNWA=,OGfu/M56sU5Hyez+DS6R9kfXPa8=
218,-82,TamX3/aJoE3cbh5RFXbPgesaNWA=,OGfu/M56sU5Hyez+DS6R9kfXPa8=
223,-87,TamX3/aJoE3cbh5RFXbPgesaNWA=,OGfu/M56sU5Hyez+DS6R9kfXPa8=
217,-82,TamX3/aJoE3cbh5RFXbPgesaNWA=,OGfu/M56sU5Hyez+DS6R9kfXPa8=
216,-82,TamX3/aJoE3cbh5RFXbPgesaNWA=,OGfu/M56sU5Hyez+DS6R9kfXPa8=
215,-82,TamX3/aJoE3cbh5RFXbPgesaNWA=,OGfu/M56sU5Hyez+DS6R9kfXPa8=
213,-81,TamX3/aJoE3cbh5RFXbPgesaNWA=,OGfu/M56sU5Hyez+DS6R9kfXPa8=
212,-81,TamX3/aJoE3cbh5RFXbPgesaNWA=,OGfu/M56sU5Hyez+DS6R9kfXPa8=
214,-82,TamX3/aJoE3cbh5RFXbPgesaNWA=,OGfu/M56sU5Hyez+DS6R9kfXPa8=
208,-81,TamX3/aJoE3cbh5RFXbPgesaNWA=,OGfu/M56sU5Hyez+DS6R9kfXPa8=
208,-86,TamX3/aJoE3cbh5RFXbPgesaNWA=,OGfu/M56sU5Hyez+DS6R9kfXPa8=
209,-86,TamX3/aJoE3cbh5RFXbPgesaNWA=,OGfu/M56sU5Hyez+DS6R9kfXPa8=
213,-82,TamX3/aJoE3cbh5RFXbPgesaNWA=,OGfu/M56sU5Hyez+DS6R9kfXPa8=
210,-86,TamX3/aJoE3cbh5RFXbPgesaNWA=,OGfu/M56sU5Hyez+DS6R9kfXPa8=
211,-82,TamX3/aJoE3cbh5RFXbPgesaNWA=,OGfu/M56sU5Hyez+DS6R9kfXPa8=
212,-82,TamX3/aJoE3cbh5RFXbPgesaNWA=,OGfu/M56sU5Hyez+DS6R9kfXPa8=
223,-83,TamX3/aJoE3cbh5RFXbPgesaNWA=,OGfu/M56sU5Hyez+DS6R9kfXPa8=
222,-83,TamX3/aJoE3cbh5RFXbPgesaNWA=,OGfu/M56sU5Hyez+DS6R9kfXPa8=
208,-95,TamX3/aJoE3cbh5RFXbPgesaNWA=,OGfu/M56sU5Hyez+DS6R9kfXPa8=
223,-96,TamX3/aJoE3cbh5RFXbPgesaNWA=,OGfu/M56sU5Hyez+DS6R9kfXPa8=
221,-83,TamX3/aJoE3cbh5RFXbPgesaNWA=,OGfu/M56sU5Hyez+DS6R9kfXPa8=
219,-94,TamX3/aJoE3cbh5RFXbPgesaNWA=,OGfu/M56sU5Hyez+DS6R9kfXPa8=
220,-83,TamX3/aJoE3cbh5RFXbPgesaNWA=,OGfu/M56sU5Hyez+DS6R9kfXPa8=
219,-83,TamX3/aJoE3cbh5RFXbPgesaNWA=,OGfu/M56sU5Hyez+DS6R9kfXPa8=
218,-83,TamX3/aJoE3cbh5RFXbPgesaNWA=,OGfu/M56sU5Hyez+DS6R9kfXPa8=
217,-83,TamX3/aJoE3cbh5RFXbPgesaNWA=,OGfu/M56sU5Hyez+DS6R9kfXPa8=
216,-83,TamX3/aJoE3cbh5RFXbPgesaNWA=,OGfu/M56sU5Hyez+DS6R9kfXPa8=
215,-83,TamX3/aJoE3cbh5RFXbPgesaNWA=,OGfu/M56sU5Hyez+DS6R9kfXPa8=
214,-83,TamX3/aJoE3cbh5RFXbPgesaNWA=,OGfu/M56sU5Hyez+DS6R9kfXPa8=
211,-86,TamX3/aJoE3cbh5RFXbPgesaNWA=,OGfu/M56sU5Hyez+DS6R9kfXPa8=
210,-82,TamX3/aJoE3cbh5RFXbPgesaNWA=,OGfu/M56sU5Hyez+DS6R9kfXPa8=
209,-82,TamX3/aJoE3cbh5RFXbPgesaNWA=,OGfu/M56sU5Hyez+DS6R9kfXPa8=
212,-83,TamX3/aJoE3cbh5RFXbPgesaNWA=,OGfu/M56sU5Hyez+DS6R9kfXPa8=
213,-83,TamX3/aJoE3cbh5RFXbPgesaNWA=,OGfu/M56sU5Hyez+DS6R9kfXPa8=
211,-83,TamX3/aJoE3cbh5RFXbPgesaNWA=,OGfu/M56sU5Hyez+DS6R9kfXPa8=
208,-82,TamX3/aJoE3cbh5RFXbPgesaNWA=,OGfu/M56sU5Hyez+DS6R9kfXPa8=
209,-96,TamX3/aJoE3cbh5RFXbPgesaNWA=,OGfu/M56sU5Hyez+DS6R9kfXPa8=
223,-84,TamX3/aJoE3cbh5RFXbPgesaNWA=,OGfu/M56sU5Hyez+DS6R9kfXPa8=
222,-84,TamX3/aJoE3cbh5RFXbPgesaNWA=,OGfu/M56sU5Hyez+DS6R9kfXPa8=
221,-84,TamX3/aJoE3cbh5RFXbPgesaNWA=,OGfu/M56sU5Hyez+DS6R9kfXPa8=
220,-84,TamX3/aJoE3cbh5RFXbPgesaNWA=,OGfu/M56sU5Hyez+DS6R9kfXPa8=
222,-96,TamX3/aJoE3cbh5RFXbPgesaNWA=,OGfu/M56sU5Hyez+DS6R9kfXPa8=
218,-94,TamX3/aJoE3cbh5RFXbPgesaNWA=,OGfu/M56sU5Hyez+DS6R9kfXPa8=
219,-84,TamX3/aJoE3cbh5RFXbPgesaNWA=,OGfu/M56sU5Hyez+DS6R9kfXPa8=
218,-84,TamX3/aJoE3cbh5RFXbPgesaNWA=,OGfu/M56sU5Hyez+DS6R9kfXPa8=
217,-84,TamX3/aJoE3cbh5RFXbPgesaNWA=,OGfu/M56sU5Hyez+DS6R9kfXPa8=
216,-84,TamX3/aJoE3cbh5RFXbPgesaNWA=,OGfu/M56sU5Hyez+DS6R9kfXPa8=
215,-84,TamX3/aJoE3cbh5RFXbPgesaNWA=,OGfu/M56sU5Hyez+DS6R9kfXPa8=
214,-84,TamX3/aJoE3cbh5RFXbPgesaNWA=,OGfu/M56sU5Hyez+DS6R9kfXPa8=
213,-84,TamX3/aJoE3cbh5RFXbPgesaNWA=,OGfu/M56sU5Hyez+DS6R9kfXPa8=
209,-81,TamX3/aJoE3cbh5RFXbPgesaNWA=,OGfu/M56sU5Hyez+DS6R9kfXPa8=
212,-86,TamX3/aJoE3cbh5RFXbPgesaNWA=,OGfu/M56sU5Hyez+DS6R9kfXPa8=
208,-83,TamX3/aJoE3cbh5RFXbPgesaNWA=,OGfu/M56sU5Hyez+DS6R9kfXPa8=
209,-83,TamX3/aJoE3cbh5RFXbPgesaNWA=,OGfu/M56sU5Hyez+DS6R9kfXPa8=
210,-83,TamX3/aJoE3cbh5RFXbPgesaNWA=,OGfu/M56sU5Hyez+DS6R9kfXPa8=
212,-84,TamX3/aJoE3cbh5RFXbPgesaNWA=,OGfu/M56sU5Hyez+DS6R9kfXPa8=
223,-85,TamX3/aJoE3cbh5RFXbPgesaNWA=,OGfu/M56sU5Hyez+DS6R9kfXPa8=
222,-85,TamX3/aJoE3cbh5RFXbPgesaNWA=,OGfu/M56sU5Hyez+DS6R9kfXPa8=
221,-85,TamX3/aJoE3cbh5RFXbPgesaNWA=,OGfu/M56sU5Hyez+DS6R9kfXPa8=
220,-85,TamX3/aJoE3cbh5RFXbPgesaNWA=,OGfu/M56sU5Hyez+DS6R9kfXPa8=
219,-85,TamX3/aJoE3cbh5RFXbPgesaNWA=,OGfu/M56sU5Hyez+DS6R9kfXPa8=
221,-96,TamX3/aJoE3cbh5RFXbPgesaNWA=,OGfu/M56sU5Hyez+DS6R9kfXPa8=
217,-94,TamX3/aJoE3cbh5RFXbPgesaNWA=,OGfu/M56sU5Hyez+DS6R9kfXPa8=
218,-85,TamX3/aJoE3cbh5RFXbPgesaNWA=,OGfu/M56sU5Hyez+DS6R9kfXPa8=
217,-85,TamX3/aJoE3cbh5RFXbPgesaNWA=,OGfu/M56sU5Hyez+DS6R9kfXPa8=
216,-85,TamX3/aJoE3cbh5RFXbPgesaNWA=,OGfu/M56sU5Hyez+DS6R9kfXPa8=
215,-85,TamX3/aJoE3cbh5RFXbPgesaNWA=,OGfu/M56sU5Hyez+DS6R9kfXPa8=
214,-85,TamX3/aJoE3cbh5RFXbPgesaNWA=,OGfu/M56sU5Hyez+DS6R9kfXPa8=
211,-84,TamX3/aJoE3cbh5RFXbPgesaNWA=,OGfu/M56sU5Hyez+DS6R9kfXPa8=
213,-86,TamX3/aJoE3cbh5RFXbPgesaNWA=,OGfu/M56sU5Hyez+DS6R9kfXPa8=
214,-86,TamX3/aJoE3cbh5RFXbPgesaNWA=,OGfu/M56sU5Hyez+DS6R9kfXPa8=
215,-86,TamX3/aJoE3cbh5RFXbPgesaNWA=,OGfu/M56sU5Hyez+DS6R9kfXPa8=
216,-86,TamX3/aJoE3cbh5RFXbPgesaNWA=,OGfu/M56sU5Hyez+DS6R9kfXPa8=
217,-86,TamX3/aJoE3cbh5RFXbPgesaNWA=,OGfu/M56sU5Hyez+DS6R9kfXPa8=
216,-94,TamX3/aJoE3cbh5RFXbPgesaNWA=,OGfu/M56sU5Hyez+DS6R9kfXPa8=
220,-96,TamX3/aJoE3cbh5RFXbPgesaNWA=,OGfu/M56sU5Hyez+DS6R9kfXPa8=
218,-86,TamX3/aJoE3cbh5RFXbPgesaNWA=,OGfu/M56sU5Hyez+DS6R9kfXPa8=
219,-86,TamX3/aJoE3cbh5RFXbPgesaNWA=,OGfu/M56sU5Hyez+DS6R9kfXPa8=
220,-86,TamX3/aJoE3cbh5RFXbPgesaNWA=,OGfu/M56sU5Hyez+DS6R9kfXPa8=
221,-86,TamX3/aJoE3cbh5RFXbPgesaNWA=,OGfu/M56sU5Hyez+DS6R9kfXPa8=
222,-86,TamX3/aJoE3cbh5RFXbPgesaNWA=,OGfu/M56sU5Hyez+DS6R9kfXPa8=
223,-86,TamX3/aJoE3cbh5RFXbPgesaNWA=,OGfu/M56sU5Hyez+DS6R9kfXPa8=
209,-84,TamX3/aJoE3cbh5RFXbPgesaNWA=,OGfu/M56sU5Hyez+DS6R9kfXPa8=
210,-84,TamX3/aJoE3cbh5RFXbPgesaNWA=,OGfu/M56sU5Hyez+DS6R9kfXPa8=
208,-84,TamX3/aJoE3cbh5RFXbPgesaNWA=,OGfu/M56sU5Hyez+DS6R9kfXPa8=
211,-85,TamX3/aJoE3cbh5RFXbPgesaNWA=,OGfu/M56sU5Hyez+DS6R9kfXPa8=
213,-85,TamX3/aJoE3cbh5RFXbPgesaNWA=,OGfu/M56sU5Hyez+DS6R9kfXPa8=
212,-85,TamX3/aJoE3cbh5RFXbPgesaNWA=,OGfu/M56sU5Hyez+DS6R9kfXPa8=
209,-85,TamX3/aJoE3cbh5RFXbPgesaNWA=,OGfu/M56sU5Hyez+DS6R9kfXPa8=
210,-85,TamX3/aJoE3cbh5RFXbPgesaNWA=,OGfu/M56sU5Hyez+DS6R9kfXPa8=
208,-85,TamX3/aJoE3cbh5RFXbPgesaNWA=,OGfu/M56sU5Hyez+DS6R9kfXPa8=
210,-81,TamX3/aJoE3cbh5RFXbPgesaNWA=,OGfu/M56sU5Hyez+DS6R9kfXPa8=
